Year,Rank,Movie Title,Distributor,Gross,Release Date,Genre
2013,1,Iron Man 3,Disney,13909003,4/26,Action|Adventure|Sci-Fi
2013,2,Fast & Furious 6,UIP,9867797,5/23,Other
2013,3,Thor: The Dark World,Disney,8819558,10/31,Action|Adventure|Fantasy
2013,4,G.I. Joe: Retaliation,UIP,7087974,3/28,Action|Adventure|Sci-Fi|Thriller
2013,5,Man of Steel,WB,6351839,6/13,Drama|Action|Adventure|Fantasy|Sci-Fi
2013,6,The Hobbit: The Desolation of Smaug,WB,5383458,12/12,Adventure|Fantasy
2013,7,World War Z,UIP,5071487,6/20,Action|Adventure|Horror|Sci-Fi|Thriller
2013,8,Pacific Rim,WB,5069216,7/11,Action|Adventure|Sci-Fi
2013,9,Despicable Me 2,UIP,4880635,7/4,Animation|Comedy|Family
2013,10,The Wolverine,Fox,3832033,7/25,Action|Adventure|Sci-Fi|Thriller
2013,11,Jack the Giant Slayer,WB,3766399,2/28,Adventure|Fantasy
2013,12,The Conjuring,WB,3736613,8/1,Horror
2013,13,The Hunger Games: Catching Fire,n/a,3663266,11/21,Adventure|Sci-Fi
2013,14,Frozen (2013),Disney,3618668,11/28,Other
2013,15,47 Ronin,UIP,3489532,12/19,Action|Adventure|Fantasy
2013,16,Percy Jackson: Sea of Monsters,Fox,3440647,8/8,Adventure|Family|Fantasy
2013,17,A Good Day to Die Hard,Fox,3438289,2/7,Action|Crime|Thriller
2013,18,After Earth,Sony,3431925,6/6,Action|Adventure|Sci-Fi
2013,19,Police Story 2013,n/a,3234309,12/24,Other
2013,20,Journey to the West: Conquering the Demons,Fox,3192253,2/7,Other
2013,21,Oblivion,UIP,3050774,4/11,Sci-Fi
2013,22,Oz The Great and Powerful,Disney,2969439,3/7,Other
2013,23,Hansel and Gretel: Witch Hunters,UIP,2942290,1/24,Other
2013,24,Star Trek Into Darkness,UIP,2788841,5/16,Action|Adventure|Sci-Fi
2013,25,Insidious Chapter 2,Sony,2737429,10/17,Other
2013,26,Escape Plan,Golden Sceen,2638864,10/10,Drama|Mystery|Action|Thriller
2013,27,Elysium,Sony,2580127,8/22,Action|Animation|Fantasy|Sci-Fi|Drama
2013,28,R.I.P.D.,UIP,2458408,8/1,Action|Comedy|Sci-Fi
2013,29,White House Down,Sony,2384226,6/27,Action|Drama|Thriller
2013,30,Epic,Fox,2253281,5/23,Adventure|Animation|Family|Fantasy
2013,31,Monsters University,Disney,2250989,6/20,Adventure|Animation|Comedy|Family|Fantasy
2013,32,Riddick,n/a,2194274,9/5,Action|Sci-Fi|Thriller
2013,33,Hotel Deluxe,FiveStar,2191991,2/7,Other
2013,34,The Croods,Fox,2150651,3/21,Adventure|Animation|Comedy|Family|Fantasy
2013,35,The Lone Ranger,Disney,2077406,7/4,Action|Adventure|Western
2013,36,Dak Siu San Fan (Special ID),n/a,2055732,10/18,Other
2013,37,I Love Hong Kong 2013,Golden Sceen,1824376,2/7,Comedy
2013,38,Gravity,WB,1790001,10/3,Comedy|Drama|Sci-Fi|Thriller
2013,39,The Smurfs 2,Sony,1784991,8/8,Adventure|Animation|Comedy|Family|Fantasy
2013,40,Singam 2,FiveStar,1780490,7/5,Action|Thriller
2013,41,Olympus Has Fallen,n/a,1703776,3/21,Action|Thriller
2013,42,The White Storm,Golden Sceen,1664393,12/5,Other
2013,43,Now You See Me,Golden Sceen,1495967,5/30,Drama|Horror|Thriller
2013,44,Arrambam,FiveStar,1486257,10/31,Action|Drama|Thriller
2013,45,Walking with Dinosaurs,Fox,1397147,12/19,Other
2013,46,The Wedding Diary II,Golden Sceen,1374560,2/7,Other
2013,47,Cloudy with a Chance of Meatballs 2,Sony,1363253,10/3,Animation|Comedy|Family|Fantasy|Sci-Fi
2013,48,The Last Stand,n/a,1294631,1/17,Drama|Comedy|Western|War|Action|Crime|Thriller
2013,49,Thalaivaa,FiveStar,1287436,8/8,Action|Drama|Thriller
2013,50,Carrie (2013),Sony,1272097,11/7,Drama|Horror
2013,51,Ji Zhan (Unbeatable),n/a,1271512,8/15,Other
2013,52,The Mortal Instruments: City of Bones,Golden Sceen,1192412,8/22,Action|Adventure|Fantasy|Mystery|Romance
2013,53,Ender's Game,Golden Sceen,1185991,11/7,Action|Sci-Fi
2013,54,Firestorm (2013),n/a,1162260,12/12,Other
2013,55,Ah Boys To Men Part 2,n/a,1150585,3/14,Other
2013,56,Turbo,Fox,1072475,7/18,Crime|Drama|Mystery|Thriller|Action|Sci-Fi|Adventure|Animation|Comedy|Family
2013,57,Saving General Yang,FiveStar,1039709,4/4,Other
2013,58,2 Guns,Sony,958506,9/19,Action|Comedy|Crime|Drama|Thriller
2013,59,Red 2,Golden Sceen,956398,7/18,Other
2013,60,Warm Bodies,Golden Sceen,937688,3/14,Comedy|Horror|Romance
2013,61,Xiao Gong Zhen Wu Lin (Princess And Seven Kung Fu Masters),Golden Sceen,930716,3/7,Other
2013,62,Taxi! Taxi!,n/a,899697,1/24,Comedy|Drama
2013,63,Mama,UIP,883423,1/17,Drama|Animation
2013,64,Tom Yum Goong 2 (The Protector 2),n/a,815375,10/24,Other
2013,65,The Impossible,Golden Sceen,810683,1/17,Other
2013,66,The Host (2013),n/a,796267,4/4,Adventure|Romance|Sci-Fi
2013,67,The Secret Life of Walter Mitty,Fox,794802,12/26,Adventure|Comedy|Drama|Fantasy
2013,68,Bullet to the Head,n/a,765737,2/1,Action|Crime|Thriller
2013,69,Raja Rani,FiveStar,738363,9/27,Comedy|Drama|Romance
2013,70,Jurassic Park (3D),UIP,728848,5/30,Other
2013,71,Parker,Golden Sceen,728843,1/24,Drama|Action|Crime|Thriller
2013,72,Ip Man: The Final Fight,Golden Sceen,728764,3/28,Other
2013,73,Runner Runner,Fox,711742,9/26,Crime|Thriller
2013,74,The Tower (2012),n/a,697493,1/10,Drama|Horror|Thriller
2013,75,Pee Mak Prakanong,Golden Sceen,679815,6/6,Other
2013,76,Beautiful Creatures (2013),Golden Sceen,670864,2/21,Drama|Fantasy|Romance
2013,77,Thongsuk 13,n/a,660864,4/18,Other
2013,78,Snitch,Golden Sceen,648147,3/7,Crime|Drama|Action|Adventure|Comedy|Horror|Thriller
2013,79,Grown Ups 2,Sony,644307,9/5,Comedy
2013,80,Captain Phillips,Sony,628777,12/5,Biography|Drama|Thriller
2013,81,Vehicle 19,n/a,591299,5/9,Action|Thriller
2013,82,The Hangover Part III,WB,583512,5/30,Comedy
2013,83,Homefront,n/a,579068,11/28,Drama
2013,84,Vikingdom,n/a,565152,9/12,Action|Adventure|Fantasy
2013,85,Planes,Disney,556296,8/15,Drama|Adventure|Animation|Comedy|Family
2013,86,The Internship,Fox,554671,9/12,Comedy|Sci-Fi
2013,87,Kick-Ass 2,UIP,523384,8/29,Action|Comedy|Crime
2013,88,Du zhan (Drug War),Golden Sceen,502607,4/18,Other
2013,89,Young And Dangerous: Reloaded,Golden Sceen,501672,1/10,Other
2013,90,All in All Azhagu Raja,FiveStar,499034,11/1,Comedy
2013,91,Ghost Child,n/a,495440,4/4,Horror
2013,92,Blind Detective,n/a,488101,7/4,Other
2013,93,The Last Tycoon (2012),Golden Sceen,482498,1/3,Other
2013,94,Rigor Mortis,Golden Sceen,481401,10/24,Drama|Fantasy|Mystery|Romance
2013,95,Di Renjie zhi shendu longwang (Young Detective Dee),Golden Sceen,473981,9/26,Other
2013,96,Bu Er Shen Tan (Badges of Fury),n/a,469286,6/27,Other
2013,97,Mr. And Mrs. Player,Golden Sceen,434216,10/17,Other
2013,98,Ethir Neechal,FiveStar,406486,5/1,Comedy|Romance
2013,99,3am 3D,n/a,401050,1/17,Other
2013,100,Prisoners,n/a,398491,9/20,Sci-Fi|Thriller|Crime|Drama|Mystery
2012,1,The Avengers (2012),Disney,10965615,4/27,Action|Adventure|Sci-Fi
2012,2,The Amazing Spider-Man,Sony,7116805,7/5,Action|Adventure|Fantasy
2012,3,Skyfall,Sony,6648898,11/1,Action|Thriller
2012,4,Chinese Zodiac,Golden Sceen,6533781,12/20,Other
2012,5,Battleship,UIP,6415419,4/12,Comedy|Drama|Romance|Action|Adventure|Sci-Fi|Thriller
2012,6,The Dark Knight Rises,WB,5759366,7/19,Action|Thriller
2012,7,MIB 3,Sony,5110670,5/24,Other
2012,8,The Expendables 2,n/a,5027237,8/16,Action|Adventure|Thriller
2012,9,The Hobbit: An Unexpected Journey,WB,4865381,12/13,Adventure|Fantasy
2012,10,Journey 2: The Mysterious Island,WB,4452973,1/19,Action|Adventure|Comedy|Family|Fantasy|Sci-Fi
2012,11,The Twilight Saga: Breaking Dawn Part 2,n/a,4387529,11/22,Other
2012,12,John Carter,Disney,4345140,3/8,Action|Adventure|Fantasy|Sci-Fi
2012,13,Resident Evil: Retribution,Sony,4234876,9/13,Action|Horror|Sci-Fi|Thriller
2012,14,Madagascar 3: Europe's Most Wanted,UIP,4187539,6/7,Adventure|Animation|Comedy|Family
2012,15,Life of Pi,Fox,4134666,11/29,Adventure|Drama
2012,16,Wrath of the Titans,WB,3714136,3/29,Action|Adventure|Fantasy
2012,17,Snow White and the Huntsman,UIP,3626479,5/31,Action|Drama|Fantasy
2012,18,Ghost Rider: Spirit of Vengeance,WB,3454089,2/16,Action|Fantasy|Thriller
2012,19,Underworld Awakening,Sony,3137261,1/19,Other
2012,20,Ice Age: Continental Drift,Fox,2641087,7/12,Adventure|Animation|Comedy|Family
2012,21,Step Up Revolution,n/a,2512639,8/2,Drama|Romance
2012,22,Taken 2,Fox,2494700,10/4,Action|Thriller
2012,23,Total Recall (2012),Sony,2445993,8/2,Other
2012,24,Abraham Lincoln: Vampire Hunter,Fox,2241920,6/21,Action|Fantasy|Horror|Thriller
2012,25,The Hunger Games,n/a,2201209,3/22,Adventure|Sci-Fi
2012,26,Cold War,n/a,2144883,11/8,Drama|War|Comedy|Thriller
2012,27,Dark Shadows,WB,1943194,5/10,Comedy|Horror|Fantasy
2012,28,Rise of the Guardians,UIP,1876588,11/22,Adventure|Animation|Family|Fantasy
2012,29,Ngo Oi Hk Hei Sheung Ka Hei (2012),Golden Sceen,1869065,1/19,Other
2012,30,The Viral Factor,Golden Sceen,1798028,1/19,Other
2012,31,Jack Reacher,UIP,1759801,12/20,Action|Crime|Thriller
2012,32,Thuppakki,FiveStar,1732792,11/13,Action|Crime|Thriller
2012,33,Prometheus,Fox,1626408,6/7,Comedy
2012,34,Hotel Transylvania,Sony,1594494,9/27,Animation|Comedy|Family|Fantasy
2012,35,Alls Well That Ends Well,FiveStar,1549033,1/19,Comedy
2012,36,Brave,Disney,1443912,6/21,Action|Adventure|Animation|Comedy|Family|Fantasy
2012,37,Wreck-It Ralph,Disney,1422341,11/29,Adventure|Animation|Comedy|Family
2012,38,This Means War,Fox,1319945,2/23,Comedy|Action|Romance
2012,39,Bait (2012),n/a,1310502,9/20,Other
2012,40,We Not Naughty,n/a,1294814,4/5,Comedy|Drama
2012,41,The Wedding Diary,Golden Sceen,1258537,2/9,Comedy
2012,42,Chronicle (2012),Fox,1247302,2/2,Drama|Sci-Fi|Thriller
2012,43,Silent Hill: Revelation 3D,Golden Sceen,1242786,10/25,Horror|Mystery|Thriller
2012,44,Sinister,Golden Sceen,1234385,10/18,Fantasy|Horror|Mystery|Sci-Fi|Thriller|Drama
2012,45,The Possession,Golden Sceen,1163518,8/30,Other
2012,46,Piranha 3DD,n/a,1132953,5/31,Comedy|Horror
2012,47,Maattrraan,n/a,1124812,10/12,Action|Sci-Fi|Thriller
2012,48,Dredd,Golden Sceen,1085311,9/20,Action|Sci-Fi
2012,49,Titanic 3D,Fox,1009646,4/5,Other
2012,50,The Bourne Legacy,UIP,987866,8/10,Action|Adventure|Mystery|Thriller
2012,51,Billa 2,n/a,947634,7/13,Action|Drama|Thriller
2012,52,Mirror Mirror,n/a,944196,3/29,Drama|Horror|Comedy
2012,53,Dr. Seuss' The Lorax,UIP,942241,3/8,Other
2012,54,Nanban,n/a,872498,1/12,Comedy|Drama|Romance
2012,55,StreetDance 2,n/a,871575,4/5,Drama|Romance
2012,56,Ted,UIP,819460,10/18,Comedy|Family|Fantasy
2012,57,Stolen (2012),Golden Sceen,802486,10/11,Action|Crime|Drama|Thriller
2012,58,The Dinosaur Project,n/a,770203,8/23,Adventure|Sci-Fi
2012,59,Che sau (Motorway),Golden Sceen,766200,6/28,Other
2012,60,The Watch,Fox,738602,8/30,Comedy|Drama
2012,61,Premium Rush,Sony,732741,8/23,Action|Crime|Thriller
2012,62,Safe (2012),Golden Sceen,724987,5/3,Other
2012,63,Lockout,n/a,703369,4/19,Comedy|Horror|Mystery|Thriller|Action|Sci-Fi
2012,64,Les Miserables (2012),UIP,701315,12/27,Other
2012,65,Paranormal Activity 4,UIP,677598,10/25,Horror
2012,66,Ah Boys To Men,n/a,663015,12/20,Other
2012,67,Looper,n/a,627158,9/28,Action|Crime|Sci-Fi|Thriller
2012,68,ParaNorman,UIP,600185,8/16,Adventure|Animation|Comedy|Family|Fantasy
2012,69,Upside Down (2012),n/a,596112,12/27,Other
2012,70,Fierce Wife: Final Episode,Golden Sceen,576920,10/18,Other
2012,71,Daai mo seut si (The Great Magician),n/a,540499,1/12,Other
2012,72,Haywire,n/a,497687,2/2,Action|Thriller
2012,73,Hua Pi 2 (Painted Skin 2),n/a,489845,6/28,Other
2012,74,Podaa Podi,FiveStar,482864,11/13,Comedy|Romance
2012,75,407 Dark Flight,Golden Sceen,475168,4/5,Other
2012,76,Sadako 3D,Disney,472871,8/30,Horror
2012,77,3 (Three),FiveStar,465622,3/30,Other
2012,78,The Vow,Sony,456345,3/22,Drama|Romance|Biography
2012,79,The Devil Inside,UIP,447409,3/1,Horror|Thriller
2012,80,Man on a Ledge,Golden Sceen,445171,2/9,Action|Crime|Thriller
2012,81,The Cabin in the Woods,n/a,440855,4/19,Horror|Mystery|Thriller
2012,82,My Sassy Hubby,n/a,438712,12/6,Other
2012,83,Safe House,UIP,437563,2/9,Horror|Action|Thriller|Crime|Mystery
2012,84,Vettai,FiveStar,431769,1/12,Action
2012,85,Neethaane En Ponvasantham,FiveStar,429264,12/14,Romance
2012,86,Gambler Husband Vs. Gambler Wife,Golden Sceen,414912,2/23,Other
2012,87,Nan Ren Ru Yi Fu (Love Is... Pyjamas),FiveStar,408787,10/11,Other
2012,88,Turning Point 2,Golden Sceen,405036,1/5,Other
2012,89,Pitch Perfect,UIP,401854,11/15,Comedy|Romance
2012,90,The Three Stooges,Fox,399876,8/9,Comedy
2012,91,Here Comes the Boom,Sony,370537,12/25,Action|Comedy
2012,92,What to Expect When You're Expecting,n/a,358720,5/17,Comedy|Drama|Romance
2012,93,Lagenda budak setan,Golden Sceen,356007,11/29,Drama|Romance
2012,94,Frankenweenie,Disney,346851,10/25,Animation|Comedy|Family|Horror|Sci-Fi
2012,95,The Woman in Black,n/a,342136,3/1,Drama|Horror|Thriller
2012,96,Tai Chi Zero,Golden Sceen,340299,9/27,Other
2012,97,Dance Dance Dragon,n/a,335175,3/1,Comedy
2012,98,We're the Millers,WB,322042,8/29,Comedy
2012,99,The Grey,n/a,314674,2/2,Drama|Adventure|Thriller
2012,100,Act of Valor,n/a,301280,2/23,Action|Thriller|War
2011,1,Transformers 3,UIP,10881761,6/30,Other
2011,2,Kung Fu Panda 2,UIP,6012559,5/26,Action|Adventure|Animation|Comedy|Drama|Family
2011,3,Mission: Impossible - Ghost Protocol,UIP,5663435,12/15,Action|Adventure|Thriller
2011,4,Pirates of the Caribbean: On Stranger Tides (3D),Disney,5572226,5/19,Other
2011,5,Fast Five,UIP,5522487,5/5,Action|Crime|Thriller
2011,6,Johnny English Reborn,UIP,5201268,9/15,Action|Adventure|Comedy|Crime|Drama
2011,7,Real Steel,Disney,4825353,10/13,Action|Drama|Sci-Fi
2011,8,Harry Potter and the Deathly Hallows (Part Two),WB,4620830,7/14,Other
2011,9,KL Gangster,n/a,4321809,6/9,Action
2011,10,Thor,UIP,3730598,4/28,Comedy|Fantasy|Action|Adventure|Biography|Drama
2011,11,X-Men: First Class,Fox,3575090,6/2,Action|Adventure|Sci-Fi
2011,12,The Green Hornet,Sony,3417444,2/2,Action|Crime|Sci-Fi|Thriller|Comedy
2011,13,Captain America: The First Avenger,UIP,2999710,7/28,Action|Adventure|Sci-Fi
2011,14,Green Lantern,WB,2735227,6/16,Action|Adventure|Sci-Fi|Thriller
2011,15,Final Destination 5,WB,2710269,8/25,Horror|Thriller
2011,16,Puss in Boots,UIP,2695167,11/24,Adventure|Animation|Comedy|Family
2011,17,Battle: Los Angeles,Sony,2636738,3/17,Other
2011,18,The Smurfs,Sony,2452207,9/1,Adventure|Animation|Comedy|Family|Fantasy
2011,19,Rise of the Planet of the Apes,Fox,2365233,8/4,Action|Drama|Sci-Fi|Thriller
2011,20,Ji keung hei si 2011 (All's Well That End's Well),FiveStar,2307095,2/3,Other
2011,21,I Love Hong Kong,Golden Sceen,2237346,2/3,Other
2011,22,Shaolin Temple,Golden Sceen,2207445,1/27,Other
2011,23,Alvin and the Chipmunks: Chipwrecked,Fox,2090657,12/15,Adventure|Animation|Comedy|Family|Fantasy
2011,24,I Am Number Four,Disney,2038051,2/24,Action|Adventure|Sci-Fi|Thriller
2011,25,Sherlock Holmes: A Game of Shadows,WB,1999136,12/22,Action|Adventure|Crime|Mystery|Thriller
2011,26,The Darkest Hour,Fox,1902870,12/29,Action|Drama|Horror|Sci-Fi|Thriller
2011,27,Immortals,n/a,1876170,11/10,Action|Drama|Fantasy
2011,28,Rio,Fox,1689506,4/7,Comedy|Adventure|Animation|Family
2011,29,Super 8,UIP,1684458,6/9,Mystery|Sci-Fi|Thriller
2011,30,Priest,Sony,1556925,5/11,Action|Fantasy|Horror|Sci-Fi|Thriller
2011,31,Cowboys & Aliens,UIP,1479620,8/11,Action|Sci-Fi|Thriller|Western
2011,32,Karak,n/a,1445461,5/26,Horror|Thriller
2011,33,You Are the Apple of My Eye,Fox,1398023,11/10,Other
2011,34,The Sorcerer and the White Snake,Golden Sceen,1336639,9/29,Other
2011,35,Guan yun chang (The Lost Bladesman),n/a,1335682,4/28,Other
2011,36,Happy Feet Two,WB,1324875,11/17,Animation|Comedy|Family
2011,37,Homecoming,UIP,1307642,1/20,Comedy|Drama|Horror|Thriller
2011,38,Sucker Punch,WB,1285414,3/24,Comedy|Crime|Drama|Action|Adventure|Fantasy
2011,39,Faster,Sony,1267705,1/13,Action|Crime|Drama|Thriller|Comedy
2011,40,The Adventures of Tintin,UIP,1254199,11/10,Action|Adventure|Animation|Family|Mystery
2011,41,In Time,Fox,1206204,10/27,Drama|Action|Sci-Fi|Thriller
2011,42,Sanctum (3D),Golden Sceen,1188948,2/17,Other
2011,43,Rango,UIP,1162652,3/10,Adventure|Animation|Comedy|Family|Western
2011,44,Season of the Witch,n/a,1160389,1/6,Thriller|Action|Adventure|Fantasy
2011,45,The Ghost Must Be Crazy,n/a,1141073,4/7,Other
2011,46,Cars 2,Disney,1134250,8/25,Adventure|Animation|Comedy|Family
2011,47,San kei hap lui (Mr. and Mrs. Incredible),Golden Sceen,1128343,2/3,Other
2011,48,Mankatha,FiveStar,1104911,9/1,Action|Crime|Thriller
2011,49,Shark Night 3D,Sony,1064610,11/3,Horror|Thriller
2011,50,Mr. Popper's Penguins,Fox,1034014,7/7,Comedy|Family|Fantasy
2011,51,Flying Swords of Dragon Gate,Golden Sceen,1027440,12/22,Other
2011,52,Conan the Barbarian (2011),Golden Sceen,1025371,8/25,Action|Adventure|Fantasy
2011,53,Zookeeper,Sony,977934,8/11,Comedy|Family|Romance
2011,54,The Mechanic,n/a,939543,2/17,Comedy|Action|Crime|Thriller|Drama|Animation|Fantasy|Sci-Fi
2011,55,Fright Night (2011),Disney,870219,9/22,Comedy|Horror
2011,56,Wu Xia (Dragon),Golden Sceen,843606,7/21,Other
2011,57,Big Mommas: Like Father Like Son,Fox,835798,3/10,Other
2011,58,The Three Musketeers (2011),Golden Sceen,819649,10/6,Action|Adventure|Romance
2011,59,Tower Heist,UIP,787086,11/3,Action|Comedy|Crime
2011,60,Sien nui yau wan (Chinese Ghost Story),Golden Sceen,764210,4/21,Other
2011,61,Drive Angry,n/a,749659,2/24,Action|Comedy|Fantasy|Thriller
2011,62,Treasure Inn,Golden Sceen,734796,6/23,Other
2011,63,Deiva Thirumagal,FiveStar,733169,7/14,Drama|Family
2011,64,Yogi Bear,WB,727807,2/3,Adventure|Animation|Comedy|Family
2011,65,Jack and Jill,Sony,686159,12/29,Horror|Romance|Adventure|Drama
2011,66,Paranormal Activity 3,UIP,676339,10/20,Horror
2011,67,Source Code,Golden Sceen,661101,4/7,Mystery|Sci-Fi|Thriller
2011,68,The Thing (2011),UIP,640303,10/13,Other
2011,69,Red Riding Hood,WB,630933,4/21,Drama|Horror|Thriller|Adventure|Family|Fantasy|Mystery
2011,70,Scream 4,n/a,627038,4/14,Horror|Mystery
2011,71,What Women Want (Wo Zhi Nu Run Xin) ,n/a,590315,2/10,Other
2011,72,Just Go With It,Sony,576883,3/31,Other
2011,73,Abduction,Golden Sceen,563113,9/22,Horror|Thriller|Crime|Comedy|Mystery|Sci-Fi
2011,74,Siruthai,n/a,552074,1/13,Action|Comedy|Drama|Thriller
2011,75,Hop,UIP,546052,3/31,Comedy|Adventure|Animation|Family|Fantasy
2011,76,Avan Ivan,FiveStar,528597,6/16,Comedy|Drama
2011,77,Arthur Christmas,Sony,524084,12/1,Animation|Comedy|Drama|Family
2011,78,Mars Needs Moms,Disney,500360,3/10,Action|Adventure|Animation|Comedy|Family|Sci-Fi
2011,79,Sit yan fung wan 2 (Overheard 2),Golden Sceen,498111,8/25,Other
2011,80,Men Suddenly in Love,n/a,487832,3/17,Other
2011,81,Paranormal Activity 2,UIP,455666,1/6,Horror
2011,82,Killer Elite,n/a,455299,9/29,Action|Crime|Thriller
2011,83,Daan gyun naam yu (Don't Go Breaking My Heart),Golden Sceen,432936,3/31,Other
2011,84,Choy Lee Fut,n/a,429681,3/31,Other
2011,85,Justin Bieber: Never Say Never,UIP,427203,4/14,Other
2011,86,Spy Kids: All the Time in the World,Golden Sceen,418368,8/18,Other
2011,87,No Strings Attached,UIP,397381,2/17,Comedy|Action|Drama
2011,88,Dylan Dog: Dead of Night,n/a,395786,6/9,Comedy|Horror|Mystery|Sci-Fi|Thriller
2011,89,Colombiana,n/a,384622,9/1,Action|Crime|Drama|Thriller
2011,90,Unknown,WB,383136,3/10,Drama|Mystery|Romance|Thriller|Crime
2011,91,Rajapattai,n/a,370550,12/23,Action
2011,92,Contagion,WB,369308,9/8,Drama|Sci-Fi|Horror|Thriller
2011,93,The Roommate,Sony,364923,4/21,Comedy|Drama|Thriller
2011,94,1911,Golden Sceen,359861,10/13,Other
2011,95,127 Hours,Fox,356996,3/3,Adventure|Biography|Drama|Thriller
2011,96,New Year's Eve,WB,347351,12/8,Romance|Comedy
2011,97,Insidious,Golden Sceen,342729,5/19,Drama|Mystery|Romance|Thriller
2011,98,Mayakkam Enna,n/a,339603,11/25,Drama|Romance
2011,99,Monte Carlo,Fox,328612,6/30,Comedy|Drama|Adventure|Romance
2011,100,Don't Be Afraid of the Dark,UIP,320042,10/27,Fantasy|Horror|Thriller
2010,1,Avatar: Special Edition,Fox,8440255,8/26,Other
2010,2,Iron Man 2,UIP,4642633,4/29,Action|Adventure|Sci-Fi
2010,3,The Chronicles of Narnia: The Voyage of the Dawn Treader,Fox,4266217,12/9,Adventure|Family|Fantasy
2010,4,The Karate Kid,Sony,4226942,6/10,Action|Drama|Family
2010,5,Clash of the Titans (2010),WB,3909530,4/1,Action|Adventure|Fantasy
2010,6,Prince of Persia: The Sands of Time,Disney,3848629,5/27,Action|Adventure|Fantasy|Romance
2010,7,Alice in Wonderland (2010),Disney,3580438,3/4,Other
2010,8,Gulliver's Travels,Fox,3569846,12/23,Adventure|Comedy|Family|Fantasy
2010,9,Resident Evil: Afterlife,Sony,3563274,9/10,Action|Adventure|Horror|Sci-Fi
2010,10,Harry Potter and the Deathly Hallows (Part One),WB,3561688,11/18,Other
2010,11,Yip Man 2: Chung si chuen kei,Golden Sceen,3488158,4/29,Other
2010,12,Tron Legacy,Disney,3128368,12/16,Other
2010,13,Endhiran,FiveStar,3048246,9/30,Other
2010,14,Tangled,Disney,3000230,11/25,Crime|Mystery|Thriller|Drama|Animation|Comedy|Family|Fantasy|Romance
2010,15,Toy Story 3,Disney,2812540,6/17,Adventure|Animation|Comedy|Family|Fantasy
2010,16,Salt,Sony,2634070,7/29,Action|Crime|Mystery|Thriller|Drama|Family
2010,17,The Sorcerer's Apprentice,Disney,2571524,7/22,Adventure|Family|Fantasy|Action|Comedy|Drama
2010,18,The Last Airbender,UIP,2542932,8/5,Action|Adventure|Family|Fantasy
2010,19,Shrek Forever After,UIP,2405025,5/20,Adventure|Animation|Comedy|Family|Fantasy
2010,20,The Twilight Saga: Eclipse,n/a,2186400,7/8,Adventure|Drama|Fantasy|Romance
2010,21,The Expendables,n/a,2125236,8/12,Action|Adventure|Thriller
2010,22,Piranha 3D,n/a,2120514,9/2,Comedy|Horror
2010,23,Adnan semp-it,n/a,2108040,1/14,Comedy|Drama
2010,24,Inception,WB,2093461,7/15,Action|Mystery|Sci-Fi|Thriller
2010,25,Jing mo fung wan: Chen Zhen (Legend of the Fist: The Return of Chen Zhen),Golden Sceen,2049033,9/23,Other
2010,26,Percy Jackson & The Olympians: The Lightning Thief,Fox,2023441,2/11,Other
2010,27,72 ga cho hak (72 Tenants of Prosperity),n/a,1885887,2/11,Other
2010,28,Predators,Fox,1885217,7/8,Action|Adventure|Sci-Fi|Thriller
2010,29,Evolusi: KL Drift 2,n/a,1770338,3/25,Action
2010,30,Unstoppable,Fox,1757568,11/11,Action|Adventure|Drama|Thriller
2010,31,The Tourist,Sony,1681003,12/30,Adventure|Comedy|Drama|Action|Romance|Thriller|Family
2010,32,How to Train Your Dragon,UIP,1664138,3/25,Adventure|Animation|Family|Fantasy
2010,33,The A-Team,Fox,1602565,6/10,Action|Adventure|Comedy|Crime|Thriller
2010,34,Megamind,UIP,1586482,11/4,Action|Animation|Comedy|Family|Sci-Fi
2010,35,Little Big Soldier,Golden Sceen,1512361,2/11,Other
2010,36,Step Up 3-D,n/a,1503391,8/26,Other
2010,37,Child's Eye,n/a,1487116,10/14,Other
2010,38,Singam,FiveStar,1471508,5/27,Action|Crime|Drama|Thriller
2010,39,Skyline,n/a,1460702,11/11,Action|Sci-Fi|Thriller
2010,40,Robin Hood,UIP,1363204,5/13,Action|Adventure|Drama|Romance|History
2010,41,Knight & Day,Fox,1316116,6/24,Other
2010,42,The Wolfman,UIP,1313991,2/11,Drama|Horror|Thriller
2010,43,The Spy Next Door,Sony,1296526,1/15,Action|Comedy|Family
2010,44,Despicable Me,UIP,1230633,7/8,Animation|Comedy|Family
2010,45,Legion (2010),Sony,1181038,1/21,Action|Fantasy|Horror
2010,46,Tiger Woohoo,n/a,1178693,1/14,Other
2010,47,All's Well Ends Well 2010,FiveStar,1172656,2/11,Other
2010,48,Ice Kacang Puppy Love,n/a,1118188,4/15,Other
2010,49,V3: Samseng Jalanan,n/a,1089691,3/11,Other
2010,50,Magika,n/a,1041237,9/23,Other
2010,51,Gam yee wai (14 Blades),n/a,1007827,2/11,Other
2010,52,Takers,Sony,957802,10/28,Action|Crime|Thriller|History|Western
2010,53,Les aventures extraordinaires d'Ad�le Blanc-Sec (The Extraordinary Adventures of Ad�le Blanc-Sec),n/a,920652,10/28,Other
2010,54,Yuet gwong bo hup,Golden Sceen,910000,3/18,Comedy|Fantasy
2010,55,Raavanan (Raavan dupe),FiveStar,906396,6/17,Other
2010,56,Red,Golden Sceen,903153,10/21,Horror|Drama|Thriller|Action|Mystery
2010,57,Sura,FiveStar,897497,4/29,Action
2010,58,A Nightmare on Elm Street (2010),WB,894674,5/13,Horror|Mystery|Thriller
2010,59,Di Renjie (Detective Dee and the Mystery of the Phantom Flame),n/a,887808,9/30,Other
2010,60,The Other Guys,Sony,880971,10/14,Action|Comedy|Crime
2010,61,The Legend Is Born: Ip Man,Golden Sceen,873806,6/24,Other
2010,62,Tooth Fairy,Fox,859552,1/21,Horror|Comedy|Family
2010,63,Su Qi-Er (True Legend),Sony,843226,2/11,Other
2010,64,Legend of the Guardians: The Owls of Ga'Hoole,WB,807586,9/23,Adventure|Animation|Fantasy
2010,65,Ong Bak 3,n/a,772340,7/15,Other
2010,66,Grown Ups,Sony,770022,8/26,Comedy
2010,67,Sammy's Adventures: The Secret Passage,Golden Sceen,742057,10/7,Other
2010,68,Cats & Dogs: Revenge of Kitty Galore,WB,721521,9/2,Other
2010,69,The Book of Eli,Sony,692387,2/25,Action|Adventure|Drama|Thriller
2010,70,Manmadhan Ambu,n/a,653942,12/23,Comedy|Drama
2010,71,Lu Pikirlah Sendiri,n/a,640980,2/11,Other
2010,72,Solomon Kane,n/a,618081,3/4,Action|Adventure|Fantasy
2010,73,Little Fockers,UIP,604211,12/23,Comedy|Romance
2010,74,Being Human (2010),n/a,568059,4/8,Drama|Thriller
2010,75,Old Dogs,Disney,564936,1/7,Action|Comedy|Crime
2010,76,Devil,UIP,555731,9/16,Horror|Mystery|Thriller
2010,77,Valentine's Day,WB,525404,2/11,Drama|Comedy|Thriller|Horror
2010,78,The Losers,WB,521529,4/22,Drama
2010,79,Bruce Lee My Brother,n/a,519063,11/25,Other
2010,80,Vampires Suck,Fox,511600,8/26,Comedy
2010,81,Date Night,Fox,499141,4/8,Romance|Comedy|Drama|Crime|Thriller
2010,82,Green Zone,UIP,446535,3/11,Action|Drama|Thriller|War
2010,83,Old Cow Vs Tender Grass,n/a,445888,9/2,Comedy|Romance
2010,84,Life as We Know It,WB,443749,10/21,Comedy|Drama|Romance|Animation|Biography
2010,85,Ayirathil Oruvan,FiveStar,443008,1/14,Other
2010,86,Eat Pray Love,Sony,440613,9/30,Drama|Romance
2010,87,Wall Street: Money Never Sleeps,Fox,434317,9/23,Drama
2010,88,Paiyya,FiveStar,434202,4/1,Other
2010,89,Phua Chu Kang The Movie,n/a,430445,8/26,Other
2010,90,The Adjustment Bureau,UIP,425119,3/3,Romance|Sci-Fi|Thriller
2010,91,Jianyu (Reign of Assassins),Golden Sceen,409988,10/14,Other
2010,92,Killers,n/a,395159,6/3,Drama|Thriller|Action|Comedy|Romance|Crime
2010,93,Tekken,Golden Sceen,389039,8/5,Action|Crime|Drama|Sci-Fi|Thriller
2010,94,Asal,FiveStar,377228,2/4,Action
2010,95,Kidnapper,n/a,376857,5/13,Thriller|Comedy
2010,96,Under the Mountain,n/a,371332,3/11,Adventure|Drama|Fantasy
2010,97,The Social Network,Sony,356320,12/2,Biography|Drama
2010,98,Universal Soldier: Regeneration,n/a,354340,1/28,Action|Adventure|Sci-Fi|Thriller
2010,99,Furry Vengeance,n/a,345614,5/6,Comedy|Family
2010,100,Mei lai muk ling (Beauty on Duty),Golden Sceen,344530,4/1,Other
2009,1,Transformers: Revenge of the Fallen,UIP,7856544,6/24,Action|Adventure|Sci-Fi
2009,2,Avatar,Fox,7706512,12/17,Action|Sci-Fi|Drama|Adventure|Fantasy
2009,3,2012,Sony,7511269,11/12,Drama
2009,4,Cirque du Freak: The Vampire's Assistant,UIP,4041235,12/31,Action|Adventure|Fantasy|Thriller
2009,5,Terminator Salvation: The Future Begins,Sony,3886687,5/28,Other
2009,6,Fast and Furious,UIP,2997505,4/2,Other
2009,7,Night at the Museum: Battle of the Smithsonian,Fox,2821294,5/21,Action|Adventure|Comedy|Family|Fantasy
2009,8,G.I. Joe,UIP,2804979,8/6,Other
2009,9,Ice Age: Dawn of the Dinosaurs,Fox,2425992,7/2,Action|Adventure|Animation|Comedy|Family
2009,10,Harry Potter and the Half Blood Prince,WB,2333468,7/16,Other
2009,11,X-Men Origins: Wolverine,Fox,2322754,4/29,Action|Adventure|Sci-Fi|Thriller
2009,12,The Twilight Saga: New Moon,Tayangan Unggul,2042899,11/26,Adventure|Drama|Fantasy|Romance
2009,13,Fung wan II (The Storm Warriors),Golden Sceen,1891453,12/10,Other
2009,14,Underworld: Rise of the Lycans,n/a,1836866,1/22,Action|Adventure|Fantasy|Sci-Fi|Thriller
2009,15,The Final Destination,WB,1815415,9/3,Horror|Thriller
2009,16,Geng: Pengembaraan Bermula,Grand Brilliance,1740337,2/12,Other
2009,17,Alvin and the Chipmunks: The Squeakquel,Fox,1701539,12/24,Animation|Comedy|Family|Fantasy
2009,18,Ga yau hei si 2009 (All's Well Ends Well 2009),n/a,1655109,1/22,Other
2009,19,Dragonball Evolution,Fox,1591204,3/12,Action|Adventure|Fantasy|Sci-Fi|Thriller
2009,20,Jangan pandang belakang congkak,n/a,1588562,6/4,Comedy|Horror
2009,21,G-Force,Disney,1540260,9/17,Action|Adventure|Comedy|Family|Fantasy|Sci-Fi
2009,22,Xia dao xiao (Where Got Ghost?),n/a,1515577,9/10,Other
2009,23,Aadhavan,FiveStar,1456618,10/15,Action
2009,24,Ninja Assassin,WB,1384661,11/26,Action|Crime|Thriller
2009,25,Bedtime Stories,n/a,1373911,1/1,Drama|Romance|Comedy|Family|Fantasy
2009,26,Angels & Demons,Sony,1364412,5/14,Mystery|Thriller
2009,27,Vettaikaran,FiveStar,1329428,12/17,Action|Comedy|Drama
2009,28,Surrogates,Disney,1265864,10/8,Action|Sci-Fi|Thriller
2009,29,Up,Disney,1240276,8/20,Adventure|Animation|Comedy|Family
2009,30,Race to Witch Mountain,Disney,1225954,3/13,Action|Adventure|Family|Fantasy|Sci-Fi|Thriller
2009,31,Sherlock Holmes,WB,1212543,12/24,Action|Adventure|Crime|Mystery|Thriller
2009,32,Bohsia: Jangan Pilih Jalan Hitam,n/a,1209069,4/23,Action
2009,33,Santau,n/a,1207287,12/10,Other
2009,34,San suk si gin (Shinjuku Incident),Golden Sceen,1112234,4/2,Other
2009,35,Inkheart,n/a,1080825,1/22,Adventure|Family|Fantasy
2009,36,Kanthaswamy,FiveStar,1077658,8/20,Action|Adventure|Crime|Drama|Fantasy|Sci-Fi|Thriller
2009,37,A Christmas Carol (2009),Disney,1067591,11/19,Animation|Drama|Family|Fantasy
2009,38,Monsters Vs. Aliens,UIP,1066486,5/28,Other
2009,39,Ayan,FiveStar,1046027,4/2,Action
2009,40,Papadom,n/a,1021414,10/8,Comedy|Drama
2009,41,Jangan Tegur,Metrowealth,1015051,4/9,Other
2009,42,Shi yue wei cheng (Bodyguards and Assassins),n/a,997751,12/17,Other
2009,43,Star Trek,UIP,960679,5/7,Action|Adventure|Sci-Fi
2009,44,The Princess and the Frog,Disney,941156,12/10,Animation|Family|Fantasy|Romance
2009,45,Ong bak 2,Ram,936599,2/5,Other
2009,46,Chi bi: Xia - Jue zhan tian xia (Red Cliff: Part II),n/a,920257,1/22,Other
2009,47,Xing fu wan sui (Love Matters),Grand Brilliance,874663,2/26,Other
2009,48,Senario the Movie Episode 2: Beach Boys,n/a,848341,11/19,Comedy
2009,49,Haeundae,n/a,847853,9/17,Action|Drama|Thriller
2009,50,Drag Me to Hell,Golden Sceen,841026,6/4,Horror
2009,51,Michael Jackson's This Is It,Sony,829924,10/29,Other
2009,52,Da xi shi (The Wedding Game),n/a,829474,1/22,Other
2009,53,Watchmen,UIP,772763,3/5,Animation|Drama|Fantasy|Sci-Fi|Action|Mystery
2009,54,District 9,n/a,744751,8/13,Action|Sci-Fi|Thriller
2009,55,Ci Ling (The Treasure Hunter),n/a,741811,12/24,Other
2009,56,Street Fighter: The Legend of Chun-Li,Ram,738895,2/26,Action|Crime|Fantasy|Thriller
2009,57,Poker King,Golden Sceen,714520,10/29,Other
2009,58,The Proposal,Disney,700306,7/30,Drama|Thriller|Comedy|Romance
2009,59,The Pink Panther 2,Sony,676508,2/5,Adventure|Comedy|Crime|Mystery
2009,60,Syurga Cinta,n/a,640003,5/21,Other
2009,61,Villu,n/a,639236,1/15,Action|Comedy|Drama|Thriller
2009,62,Knowing,Golden Sceen,606981,3/26,Mystery|Drama|Action|Sci-Fi|Thriller|Family
2009,63,Land of the Lost,UIP,579682,7/23,Adventure|Comedy|Sci-Fi
2009,64,Gamer (2009),Golden Sceen,578616,9/10,Action|Sci-Fi|Thriller
2009,65,Skrip 7707,n/a,559628,7/16,Horror|Thriller
2009,66,Jennifer's Body,Fox,559214,10/29,Comedy|Horror
2009,67,Blood: The Last Vampire,Sony,555401,6/11,Action|Animation|Horror|Thriller
2009,68,Jin Notti,n/a,531913,9/17,Comedy
2009,69,Punisher: War Zone,Sony,530581,2/19,Action|Crime|Drama|Thriller
2009,70,Cloudy with a Chance of Meatballs,Sony,515893,10/15,Animation|Comedy|Family|Fantasy|Romance
2009,71,Ha phraeng (Phobia 2),Golden Sceen,508449,10/29,Other
2009,72,The Taking of Pelham One Two Three,Sony,506088,7/23,Other
2009,73,Paul Blart: Mall Cop,Sony,485757,4/16,Action|Comedy|Crime
2009,74,The Ugly Truth,Sony,481525,9/10,Comedy|Romance
2009,75,17 Again,Golden Sceen,448329,6/11,Comedy|Drama|Fantasy|Romance
2009,76,Pandorum,Golden Sceen,432731,10/15,Action|Horror|Mystery|Sci-Fi|Thriller
2009,77,Confessions of a Shopaholic,Disney,427156,3/26,Comedy|Romance
2009,78,Sorority Row,n/a,423157,10/1,Horror|Mystery
2009,79,Killshot,Golden Sceen,417818,4/23,Crime|Drama|Thriller
2009,80,A Perfect Getaway,UIP,417477,9/24,Adventure|Mystery|Thriller
2009,81,Bride Wars,Fox,398728,1/29,Comedy|Romance
2009,82,Naan kadavul,n/a,380756,2/5,Other
2009,83,Orphan,WB,375664,8/20,Drama|Mystery|Thriller
2009,84,Public Enemies,UIP,374338,7/9,Drama|Biography|Crime|History
2009,85,Yau lung hei fung (Look for a Star),Golden Scene,374141,2/5,Other
2009,86,Setem,n/a,373270,7/30,Action|Comedy
2009,87,Program Nar Vinyan Ar-Kat (Coming Soon),Golden Sceen,371645,4/16,Other
2009,88,The Curious Case of Benjamin Button,Fox,360441,2/12,Drama|Fantasy|Romance
2009,89,Zombieland,Sony,357462,12/10,Comedy|Horror
2009,90,Valkyrie,Fox,355600,2/12,Drama|Thriller|War
2009,91,Aliens in the Attic,Fox,352749,8/13,Adventure|Comedy|Family|Fantasy|Sci-Fi
2009,92,Qie ting feng yun (Wiretap) (Overheard),n/a,350686,7/30,Other
2009,93,Gong fu chu shen (Kung Fu Chef),Golden Scene,343512,2/19,Other
2009,94,My Spy,n/a,334575,12/3,Other
2009,95,Marley and Me,Fox,283701,3/5,Other
2009,96,Hannah Montana The Movie,Disney,277881,6/4,Other
2009,97,They Wait,Sony,277134,1/1,Horror|Mystery|Thriller
2009,98,The Uninvited,UIP,276684,4/23,Drama|Horror|Thriller|Action|Comedy|Crime|Romance|Mystery
2009,99,12 Rounds,Fox,272887,3/26,Drama|Action|Crime|Thriller
2009,100,Kei hei hup (Metallic Attraction: Kungfu Cyborg),n/a,270660,8/27,Other
2008,1,Cheung Gong 7 hou (CJ7),n/a,3695033,2/7,Other
2008,2,Iron Man,n/a,3469079,4/30,Action|Animation|Sci-Fi|Adventure
2008,3,The Mummy: Tomb of the Dragon Emperor,n/a,3427462,7/31,Action|Adventure|Fantasy|Thriller
2008,4,Quantum of Solace,n/a,3294649,11/6,Action|Adventure|Thriller
2008,5,Indiana Jones and the Kingdom of the Crystal Skull,n/a,2811491,5/22,Action|Adventure
2008,6,Kung Fu Panda,n/a,2779067,6/6,Action|Adventure|Animation|Comedy|Family
2008,7,The Chronicles of Narnia: Prince Caspian,n/a,2750052,5/15,Action|Adventure|Family|Fantasy
2008,8,The Forbidden Kingdom,n/a,2703898,4/17,Action|Adventure|Fantasy|Romance
2008,9,The Dark Knight,n/a,2662783,7/17,Action|Crime|Drama
2008,10,Madagascar: Escape 2 Africa,n/a,2589522,11/13,Action|Adventure|Animation|Comedy|Family
2008,11,Hancock,n/a,2298883,7/3,Action|Fantasy
2008,12,The Incredible Hulk,n/a,2284041,6/12,Action|Adventure|Sci-Fi
2008,13,10000 B.C.,n/a,2113562,3/6,Other
2008,14,Wanted,n/a,1892676,6/26,Crime|Drama|Thriller|Comedy|Sci-Fi|Action|Fantasy|Romance
2008,15,Duyung,n/a,1878216,3/6,Fantasy
2008,16,Guan lan (Kung Fu Dunk),n/a,1858974,2/7,Other
2008,17,Hellboy II: The Golden Army,n/a,1858596,7/10,Action|Adventure|Fantasy|Sci-Fi
2008,18,Dasavatharam,n/a,1721109,6/12,Action|Adventure|Drama|Thriller
2008,19,Rambo,n/a,1639826,1/24,Action|Thriller|War|Comedy|Drama
2008,20,Jumper,n/a,1584968,2/14,Action|Adventure|Sci-Fi|Thriller|Biography|Drama
2008,21,Ip Man,n/a,1448373,12/18,Action
2008,22,Evolusi KL Drift,n/a,1431399,4/3,Other
2008,23,The Day the Earth Stood Still (2008),n/a,1383682,12/11,Drama|Sci-Fi|Thriller
2008,24,Lao shi ai lao da (a.k.a. Ah Long Pte Ltd),n/a,1378946,3/13,Other
2008,25,Bolt,Disney,1344988,12/4,Animation|Adventure|Comedy|Family|Sci-Fi|Drama|Romance
2008,26,Qian bu gou yong 2 (Money No Enough 2),n/a,1342065,8/28,Other
2008,27,Senario The Movie : Episode 1,n/a,1332848,10/2,Other
2008,28,Journey to the Center of the Earth,n/a,1186977,7/10,Action|Adventure|Family|Fantasy|Sci-Fi
2008,29,Wall-E,n/a,1178137,8/14,Other
2008,30,Congkak,n/a,1171720,4/17,Horror
2008,31,Eagle Eye,n/a,1144259,10/2,Action|Mystery|Thriller
2008,32,The Spiderwick Chronicles,n/a,961444,3/13,Adventure|Family|Fantasy
2008,33,High School Musical 3: Senior Year,n/a,960591,10/23,Comedy|Drama|Family|Romance
2008,34,Twilight,n/a,922855,11/27,Animation|Drama
2008,35,Get Smart,n/a,911958,6/19,Action|Adventure|Comedy|Romance|Thriller
2008,36,Death Race,n/a,905861,8/21,Action|Sci-Fi|Thriller
2008,37,Cicakman 2 :Planet Hitam,n/a,901226,12/11,Other
2008,38,Histeria,n/a,895806,12/18,Horror|Drama|History
2008,39,Babylon A.D.,n/a,852783,8/28,Action|Adventure|Sci-Fi|Thriller
2008,40,The Game Plan,n/a,848918,1/10,Action|Adventure|Comedy|Family
2008,41,Yes Man,n/a,810980,12/18,Comedy|Romance
2008,42,Vaaranam Aayiram,n/a,796297,11/13,Drama|Romance
2008,43,You Don't Mess with the Zohan,n/a,780282,8/21,Action|Comedy
2008,44,Cloverfield,n/a,754877,1/17,Action|Sci-Fi|Thriller
2008,45,Kuruvi,n/a,754201,5/1,Action|Comedy|Drama
2008,46,Transporter 3,n/a,749820,12/4,Action|Adventure|Crime|Mystery|Thriller
2008,47,Dunia Baru: The Movie,n/a,719199,2/7,Other
2008,48,The Water Horse: Legend of the Deep,n/a,710375,3/27,Other
2008,49,Bangkok Dangerous (2008),n/a,706121,10/23,Action|Crime|Thriller
2008,50,Saam gwok dzi gin lung se gap (Three Kingdoms: Resurrection of the Dragon),n/a,670030,4/3,Other
2008,51,Susuk,n/a,660545,8/7,Horror|Thriller
2008,52,Max Payne,Fox,657894,10/16,Action|Crime|Drama|Mystery|Thriller
2008,53,The Spirit,n/a,655599,12/25,Drama|Action|Crime|Fantasy|Thriller|Romance
2008,54,Chi bi (Red Cliff: Part I),n/a,645025,7/17,Other
2008,55,Vantage Point,n/a,636863,2/21,Action|Crime|Drama|Thriller
2008,56,Cuci,n/a,630505,1/24,Comedy
2008,57,Wa pei (Painted Skin),n/a,626440,9/25,Other
2008,58,Kuselan,n/a,569967,7/31,Comedy|Drama|Family
2008,59,Quarantine,n/a,567921,11/20,Horror|Sci-Fi|Thriller|Animation|Drama
2008,60,Mamma Mia!,n/a,566785,9/25,Comedy|Romance
2008,61,Antoo Fighter,n/a,564553,11/27,Other
2008,62,Meet the Spartans,n/a,550432,1/31,Comedy
2008,63,Superhero Movie,n/a,549349,5/29,Action|Comedy|Sci-Fi|Thriller
2008,64,Long Tor Tai (The Coffin),n/a,520711,10/31,Other
2008,65,Aegan,n/a,486419,10/23,Action
2008,66,Bheema,n/a,483854,1/17,Other
2008,67,Dr. Seuss' Horton Hears a Who!,n/a,463796,3/13,Other
2008,68,I'm Not Single,n/a,459805,7/24,Romance
2008,69,Indiralogathil Na Azhagappan,n/a,451753,1/31,Other
2008,70,The Happening,n/a,444354,6/12,Animation|Sci-Fi|Thriller|Drama|Romance
2008,71,Speed Racer,n/a,443917,5/8,Animation|Action|Family
2008,72,Brainscan: Aku dan Topi,n/a,423937,12/25,Other
2008,73,Meet Dave,n/a,412499,8/7,Adventure|Comedy|Family|Romance|Sci-Fi
2008,74,What Happens in Vegas,n/a,411826,5/8,Comedy|Romance
2008,75,L: Change the World,n/a,403128,4/3,Crime|Drama|Thriller
2008,76,Long khong 2 (Art of the Devil 3),n/a,393914,5/29,Other
2008,77,The X-Files: I Want to Believe,n/a,389032,7/24,Other
2008,78,Los Dan Faun,n/a,388061,12/4,Other
2008,79,Kami the Movie,n/a,387050,10/2,Drama
2008,80,Sweeney Todd: The Demon Barber of Fleet Street,n/a,373512,1/24,Drama|Horror|Thriller
2008,81,Anak,n/a,373202,2/21,Drama|Family
2008,82,Shutter,n/a,366124,3/20,Crime|Mystery|Drama|Thriller
2008,83,My Wife Is a Gambling Maestro,n/a,361793,5/8,Other
2008,84,Street Kings,n/a,354069,4/10,Action|Crime|Drama|Thriller
2008,85,Dhaam Dhoom,n/a,347297,8/28,Action|Adventure|Drama|Romance
2008,86,Flight of the Living Dead: Outbreak on a Plane ,n/a,344134,10/2,Other
2008,87,27 Dresses,n/a,324072,3/27,Comedy|Romance
2008,88,Disaster Movie,n/a,321211,10/9,Comedy
2008,89,Nim's Island,n/a,316669,4/3,Adventure|Comedy|Family|Fantasy
2008,90,Prom Night (2008),n/a,313756,6/5,Other
2008,91,Jiang shan mei ren (An Empress and the Warriors),n/a,308914,3/20,Other
2008,92,Tropic Thunder,n/a,306859,10/23,Action|Comedy
2008,93,Beverly Hills Chihuahua,n/a,306039,12/18,Adventure|Comedy|Drama|Family|Romance
2008,94,Sepi,n/a,304163,6/26,Drama|Romance
2008,95,Made of Honor,n/a,295225,6/19,Comedy|Romance
2008,96,Australia,n/a,283124,12/25,Adventure|Drama|History|Romance|War
2008,97,Bo chi tung wah (Connected),n/a,278996,9/25,Other
2008,98,The House Bunny,n/a,273177,10/9,Comedy|Romance
2008,99,In the Name of the King: A Dungeon Siege Tale,n/a,272877,1/10,Action|Adventure|Drama|Fantasy
2008,100,Flood (2007),n/a,270857,2/28,Action|Drama|Thriller
