Year,Rank,Movie Title,Distributor,Gross,Release Date,Genre
2013,1,The Wolverine,n/a,407844,7/26,Action|Adventure|Sci-Fi|Thriller
2013,2,White House Down,Sony,389783,6/28,Action|Drama|Thriller
2013,3,2 Guns,Sony,270161,8/30,Action|Comedy|Crime|Drama|Thriller
2013,4,A Good Day to Die Hard,n/a,257753,2/15,Action|Crime|Thriller
2013,5,Django Unchained,Sony,249139,1/18,Western
2013,6,After Earth,Sony,239079,6/7,Action|Adventure|Sci-Fi
2013,7,Percy Jackson: Sea of Monsters,n/a,225447,8/16,Adventure|Family|Fantasy
2013,8,Elysium,Sony,223304,8/16,Action|Animation|Fantasy|Sci-Fi|Drama
2013,9,The Hunger Games: Catching Fire,n/a,194450,11/22,Adventure|Sci-Fi
2013,10,Fast & Furious 6,n/a,187041,5/24,Other
2013,11,Tyler Perry's A Madea Christmas,n/a,178848,12/13,Other
2013,12,Captain Phillips,Sony,173801,10/25,Biography|Drama|Thriller
2013,13,Man of Steel,n/a,172276,6/21,Drama|Action|Adventure|Fantasy|Sci-Fi
2013,14,Jack the Giant Slayer,n/a,171827,3/1,Adventure|Fantasy
2013,15,Frozen (2013),n/a,167333,12/6,Other
2013,16,Thor: The Dark World,n/a,164215,11/8,Action|Adventure|Fantasy
2013,17,The Heat,n/a,156038,7/5,Drama
2013,18,The Smurfs 2,Sony,140338,8/9,Adventure|Animation|Comedy|Family|Fantasy
2013,19,Gangster Squad,n/a,133080,2/1,Action|Crime|Drama|Thriller
2013,20,The Croods,n/a,129749,3/22,Adventure|Animation|Comedy|Family|Fantasy
2013,21,We're the Millers,n/a,126805,8/30,Comedy
2013,22,Battle of the Year,Sony,117934,10/18,Other
2013,23,Tyler Perry's Temptation: Confessions of a Marriage Counselor,Silverbird,110054,5/17,Other
2013,24,Oz The Great and Powerful,n/a,98505,4/12,Other
2013,25,World War Z,n/a,98446,8/9,Action|Adventure|Horror|Sci-Fi|Thriller
2013,26,Turbo,n/a,91126,7/19,Crime|Drama|Mystery|Thriller|Action|Sci-Fi|Adventure|Animation|Comedy|Family
2013,27,Cloudy with a Chance of Meatballs 2,Sony,85572,11/29,Animation|Comedy|Family|Fantasy|Sci-Fi
2013,28,Oblivion,n/a,83529,4/26,Sci-Fi
2013,29,Grown Ups 2,Sony,68870,9/6,Comedy
2013,30,Hansel and Gretel: Witch Hunters,n/a,54084,3/1,Other
2013,31,G.I. Joe: Retaliation,Silverbird,52001,4/5,Action|Adventure|Sci-Fi|Thriller
2013,32,The Best Man Holiday,n/a,50685,12/13,Comedy|Drama
2013,33,Jack Reacher,n/a,48120,1/4,Action|Crime|Thriller
2013,34,Identity Thief,n/a,43866,3/8,Comedy|Crime
2013,35,The Great Gatsby (2013),n/a,42559,6/7,Drama|Romance
2013,36,Despicable Me 2,n/a,39649,7/12,Animation|Comedy|Family
2013,37,Dead Man Down,n/a,38630,8/9,Action|Crime|Drama|Thriller
2013,38,Flight,n/a,32710,2/1,Fantasy|Drama
2013,39,This is the End,Sony,32014,9/20,Other
2013,40,Paranoia,n/a,29331,12/27,Mystery|Thriller
2013,41,Side Effects (2013),n/a,27700,7/26,Drama
2013,42,Silver Linings Playbook,n/a,24995,2/8,Comedy|Drama|Romance
2013,43,Star Trek Into Darkness,n/a,23490,6/14,Action|Adventure|Sci-Fi
2013,44,Red 2,n/a,22793,11/1,Other
2013,45,The Big Wedding,n/a,21079,9/20,Comedy
2013,46,The Conjuring,n/a,20851,9/13,Horror
2013,47,Pain and Gain,n/a,19254,10/4,Other
2013,48,R.I.P.D.,n/a,18593,10/11,Action|Comedy|Sci-Fi
2013,49,Gravity,n/a,18411,10/18,Comedy|Drama|Sci-Fi|Thriller
2013,50,Zero Dark Thirty,n/a,16260,2/22,Drama|History|Thriller
2013,51,Riddick,n/a,15492,11/1,Action|Sci-Fi|Thriller
2013,52,Insidious Chapter 2,Sony,15483,11/15,Other
2013,53,Pacific Rim,n/a,14699,7/19,Action|Adventure|Sci-Fi
2013,54,Admission,n/a,14660,7/12,Comedy|Fantasy|Sci-Fi|Drama|Romance
2013,55,Lee Daniels' The Butler,n/a,13890,11/8,Other
2013,56,Thanks for Sharing,n/a,12467,10/25,Comedy|Drama
2013,57,About Time,n/a,11717,10/11,Mystery
2013,58,Redemption (2013),n/a,11426,11/29,Other
2013,59,Rise of the Guardians,n/a,10813,1/11,Adventure|Animation|Family|Fantasy
2013,60,This Is 40,n/a,9384,7/5,Comedy
2013,61,Les Miserables (2012),n/a,6400,2/1,Other
2013,62,Dark Skies,n/a,4243,10/4,Horror|Sci-Fi|Thriller
2013,63,Blue Jasmine,n/a,3037,12/27,Drama
2013,64,The Purge,n/a,2845,11/29,Other
2013,65,Diana,n/a,2286,12/27,Biography|Drama|Romance
2013,66,Unfinished Song,n/a,895,11/22,Other
2012,1,Skyfall,Sony,520651,11/2,Action|Thriller
2012,2,The Dark Knight Rises,n/a,367180,7/27,Action|Thriller
2012,3,The Amazing Spider-Man,Sony,313653,7/6,Action|Adventure|Fantasy
2012,4,The Hobbit: An Unexpected Journey,n/a,305092,12/14,Adventure|Fantasy
2012,5,Think Like a Man,Sony,253445,6/22,Comedy|Romance
2012,6,Taken 2,n/a,237224,10/5,Action|Thriller
2012,7,Total Recall (2012),Sony,235565,8/10,Other
2012,8,MIB 3,Sony,211598,5/25,Other
2012,9,The Avengers (2012),n/a,202368,5/4,Action|Adventure|Sci-Fi
2012,10,The Twilight Saga: Breaking Dawn Part 2,Silverbird,128418,11/16,Other
2012,11,Brave,n/a,122298,6/29,Action|Adventure|Animation|Comedy|Family|Fantasy
2012,12,Hotel Transylvania,Sony,114856,11/30,Animation|Comedy|Family|Fantasy
2012,13,Underworld Awakening,Sony,105071,2/3,Other
2012,14,The Expendables 2,n/a,102004,8/17,Action|Adventure|Thriller
2012,15,Resident Evil: Retribution,Sony,101581,9/14,Action|Horror|Sci-Fi|Thriller
2012,16,Snow White and the Huntsman,n/a,94651,7/13,Action|Drama|Fantasy
2012,17,Ice Age: Continental Drift,n/a,91531,7/13,Adventure|Animation|Comedy|Family
2012,18,21 Jump Street,Sony,86760,4/6,Action|Comedy|Crime
2012,19,Battleship,n/a,83416,5/11,Comedy|Drama|Romance|Action|Adventure|Sci-Fi|Thriller
2012,20,The Girl with the Dragon Tattoo (2011),Sony,79667,1/6,Crime|Drama|Mystery|Thriller
2012,21,The Vow,Sony,77818,4/27,Drama|Romance|Biography
2012,22,Safe House,Silverbird,77325,2/17,Horror|Action|Thriller|Crime|Mystery
2012,23,Abraham Lincoln: Vampire Hunter,n/a,77026,8/10,Action|Fantasy|Horror|Thriller
2012,24,Life of Pi,n/a,71810,12/21,Adventure|Drama
2012,25,Man on a Ledge,n/a,67836,3/16,Action|Crime|Thriller
2012,26,The Hunger Games,n/a,65739,4/27,Adventure|Sci-Fi
2012,27,Jack and Jill,Sony,65375,2/10,Horror|Romance|Adventure|Drama
2012,28,Step Up Revolution,n/a,64802,9/7,Drama|Romance
2012,29,Sparkle (2012),Sony,64403,11/9,Other
2012,30,Prometheus,n/a,64301,6/8,Comedy
2012,31,Here Comes the Boom,Sony,60613,12/7,Action|Comedy
2012,32,Wreck-It Ralph,n/a,59780,12/7,Adventure|Animation|Comedy|Family
2012,33,The Twilight Saga: Breaking Dawn Part 1,Silverbird,54122,1/20,Other
2012,34,The Bourne Legacy,Silverbird,49803,9/28,Action|Adventure|Mystery|Thriller
2012,35,Premium Rush,Sony,46196,11/23,Action|Crime|Thriller
2012,36,Madagascar 3: Europe's Most Wanted,n/a,42738,7/13,Adventure|Animation|Comedy|Family
2012,37,Mirror Mirror,Silverbird,35459,7/27,Drama|Horror|Comedy
2012,38,Seeking Justice,Silverbird,34000,4/13,Action|Drama|Thriller|Crime
2012,39,Dr. Seuss' The Lorax,n/a,31461,4/6,Other
2012,40,Safe (2012),Silverbird,29268,9/28,Other
2012,41,That's My Boy,Sony,29163,8/17,Comedy
2012,42,Savages (2012),Silverbird,28743,9/14,Crime|Drama|Thriller
2012,43,American Reunion,Silverbird,23944,4/20,Comedy
2012,44,Contraband,n/a,22638,3/23,Action|Crime|Drama|Thriller
2012,45,Machine Gun Preacher,Silverbird,20325,3/30,Action|Biography|Crime|Drama
2012,46,Bol Bachchan,n/a,17307,7/6,Comedy
2012,47,The Dictator,Silverbird,16728,10/5,Comedy
2012,48,The Ides of March,Silverbird,15888,2/24,Drama
2012,49,Ek Tha Tiger,Silverbird,14175,8/17,Action|Romance|Thriller
2012,50,Barfi!,n/a,13104,9/14,Adventure|Comedy|Drama|Romance
2012,51,Ted,Silverbird,12325,9/21,Comedy|Family|Fantasy
2012,52,Ghost Rider: Spirit of Vengeance,Silverbird,8962,5/11,Action|Fantasy|Thriller
2012,53,Cocktail (2012),Silverbird,7130,7/20,Comedy|Drama|Romance
2012,54,Heroine,n/a,6602,9/21,Drama
2012,55,The Woman Knight of Mirror Lake,n/a,5941,9/21,Other
2012,56,English Vinglish,Silverbird,5453,10/12,Comedy|Drama|Family
2012,57,Pitch Perfect,n/a,4924,12/14,Comedy|Romance
2012,58,A Thousand Words,n/a,3556,12/14,Comedy|Drama|Horror|Thriller
2012,59,Dredd,n/a,125,11/9,Action|Sci-Fi
2011,1,The Tourist,Sony,247929,1/14,Adventure|Comedy|Drama|Action|Romance|Thriller|Family
2011,2,Friends with Benefits,Sony,164512,9/16,Comedy|Drama|Romance
2011,3,The Green Hornet,Sony,152290,1/28,Action|Crime|Sci-Fi|Thriller|Comedy
2011,4,Jumping the Broom,Sony,148887,6/17,Comedy|Drama
2011,5,Just Go With It,Sony,140737,4/15,Other
2011,6,Thor,n/a,136489,5/6,Comedy|Fantasy|Action|Adventure|Biography|Drama
2011,7,Bad Teacher,Sony,124659,8/12,Comedy
2011,8,Fast Five,n/a,122971,5/13,Action|Crime|Thriller
2011,9,Mission: Impossible - Ghost Protocol,n/a,107054,12/23,Action|Adventure|Thriller
2011,10,The Smurfs,Sony,100482,8/19,Adventure|Animation|Comedy|Family|Fantasy
2011,11,Transformers 3,n/a,94061,7/8,Other
2011,12,Priest,Sony,91585,5/13,Action|Fantasy|Horror|Sci-Fi|Thriller
2011,13,Battle: Los Angeles,Sony,79472,4/1,Other
2011,14,Unknown,n/a,75988,3/18,Drama|Mystery|Romance|Thriller|Crime
2011,15,Zookeeper,Sony,75568,9/2,Comedy|Family|Romance
2011,16,The Dilemma,n/a,72581,3/11,Comedy|Drama
2011,17,Hanna,Sony,72461,6/10,Action|Adventure|Thriller|Biography|Horror|Drama
2011,18,Immortals,n/a,67873,12/30,Action|Drama|Fantasy
2011,19,Captain America: The First Avenger,n/a,60118,8/12,Action|Adventure|Sci-Fi
2011,20,Kung Fu Panda 2,n/a,52053,6/17,Action|Adventure|Animation|Comedy|Drama|Family
2011,21,Colombiana,n/a,47316,11/11,Action|Crime|Drama|Thriller
2011,22,Burlesque,Sony,46473,2/11,Other
2011,23,No Strings Attached,n/a,45097,4/8,Comedy|Action|Drama
2011,24,Bridesmaids,n/a,43587,7/1,Other
2011,25,Hop,n/a,41671,4/8,Comedy|Adventure|Animation|Family|Fantasy
2011,26,The Adjustment Bureau,n/a,40606,6/24,Romance|Sci-Fi|Thriller
2011,27,Cowboys & Aliens,n/a,40179,8/26,Action|Sci-Fi|Thriller|Western
2011,28,The Mechanic,n/a,36594,1/28,Comedy|Action|Crime|Thriller|Drama|Animation|Fantasy|Sci-Fi
2011,29,The Change-Up,n/a,36437,10/7,Action|Comedy
2011,30,How Do You Know,Sony,35043,3/4,Comedy|Drama|Romance
2011,31,Johnny English Reborn,Silverbird,33756,10/21,Action|Adventure|Comedy|Crime|Drama
2011,32,Easy A,Sony,32582,1/7,Comedy|Romance
2011,33,The Roommate,Sony,32187,3/25,Comedy|Drama|Thriller
2011,34,Hall Pass,n/a,29907,3/25,Drama|Comedy|Romance
2011,35,Life as We Know It,Silverbird,29651,1/21,Comedy|Drama|Romance|Animation|Biography
2011,36,The Three Musketeers (2011),n/a,27843,12/9,Action|Adventure|Romance
2011,37,I Am Number Four,n/a,27364,2/18,Action|Adventure|Sci-Fi|Thriller
2011,38,Arthur Christmas,Sony,26043,11/25,Animation|Comedy|Drama|Family
2011,39,Red Riding Hood,n/a,25367,4/8,Drama|Horror|Thriller|Adventure|Family|Fantasy|Mystery
2011,40,Sucker Punch,n/a,24525,4/29,Comedy|Crime|Drama|Action|Adventure|Fantasy
2011,41,Abduction,n/a,24450,11/11,Horror|Thriller|Crime|Comedy|Mystery|Sci-Fi
2011,42,Courageous,Sony,24084,12/9,Drama|Crime
2011,43,Tower Heist,n/a,22757,11/18,Action|Comedy|Crime
2011,44,The Adventures of Tintin,n/a,21528,12/30,Action|Adventure|Animation|Family|Mystery
2011,45,Super 8,n/a,20718,8/5,Mystery|Sci-Fi|Thriller
2011,46,Moneyball,Sony,17792,11/18,Biography|Drama
2011,47,Straw Dogs (2010),Sony,17494,12/2,Other
2011,48,Legend of the Guardians: The Owls of Ga'Hoole,n/a,17325,1/14,Adventure|Animation|Fantasy
2011,49,Honey 2,n/a,17013,7/29,Comedy|Drama
2011,50,Red,n/a,13452,1/28,Horror|Drama|Thriller|Action|Mystery
2011,51,Puss in Boots,n/a,12445,12/9,Adventure|Animation|Comedy|Family
2011,52,Morning Glory,Silverbird,9551,2/14,Comedy|Drama|Fantasy|Romance
2011,53,Rango,n/a,9395,3/25,Adventure|Animation|Comedy|Family|Western
2011,54,Mars Needs Moms,n/a,8502,3/18,Action|Adventure|Animation|Comedy|Family|Sci-Fi
2011,55,Your Highness,n/a,8156,5/20,Drama|Adventure|Comedy|Fantasy
2011,56,Black Swan,n/a,8086,3/25,Comedy|Drama|Crime|Fantasy|Thriller|Mystery
2011,57,Killer Elite,n/a,6362,12/23,Action|Crime|Thriller
2011,58,True Grit,n/a,3595,5/20,Adventure|Drama|Western
2011,59,Warriors (2011),n/a,2071,12/16,Other
2010,1,Salt,Sony,346427,8/13,Action|Crime|Mystery|Thriller|Drama|Family
2010,2,Takers,Sony,201451,10/22,Action|Crime|Thriller|History|Western
2010,3,Ij�,Silverbird,199954,7/30,Other
2010,4,Faster,Sony,193227,12/24,Action|Crime|Drama|Thriller|Comedy
2010,5,Clash of the Titans (2010),n/a,185481,4/2,Action|Adventure|Fantasy
2010,6,Prince of Persia: The Sands of Time,n/a,157050,5/28,Action|Adventure|Fantasy|Romance
2010,7,The Karate Kid,Sony,121306,9/10,Action|Drama|Family
2010,8,Anchor Baby,n/a,120176,12/10,Drama|Thriller|Comedy|Biography
2010,9,The Sorcerer's Apprentice,n/a,114873,7/16,Adventure|Family|Fantasy|Action|Comedy|Drama
2010,10,Inception,n/a,106682,7/30,Action|Mystery|Sci-Fi|Thriller
2010,11,Death at a Funeral (2010),Sony,100553,6/4,Comedy
2010,12,The Other Guys,Sony,100085,9/24,Action|Comedy|Crime
2010,13,The Back-Up Plan,Sony,95701,5/14,Other
2010,14,The Bounty Hunter,Sony,95288,4/16,Other
2010,15,Sex and the City 2,n/a,94784,5/28,Comedy|Drama|Romance
2010,16,Grown Ups,Sony,92538,8/27,Comedy
2010,17,Percy Jackson & The Olympians: The Lightning Thief,n/a,65737,2/19,Other
2010,18,The Social Network,Sony,64685,11/19,Biography|Drama
2010,19,Knight & Day,n/a,64248,7/23,Other
2010,20,Eat Pray Love,Sony,64210,10/1,Drama|Romance
2010,21,The Town,Silverbird,62677,12/31,Drama|Crime|Thriller
2010,22,Harry Potter and the Deathly Hallows (Part One),n/a,62336,11/26,Other
2010,23,Valentine's Day,n/a,61935,2/12,Drama|Comedy|Thriller|Horror
2010,24,Iron Man 2,Silverbird,59572,5/7,Action|Adventure|Sci-Fi
2010,25,Date Night,n/a,59555,4/9,Romance|Comedy|Drama|Crime|Thriller
2010,26,Unstoppable,n/a,58892,11/12,Action|Adventure|Drama|Thriller
2010,27,Machete,Sony,57775,11/5,Drama|Action|Adventure|Crime|Thriller
2010,28,Tooth Fairy,n/a,57501,3/19,Horror|Comedy|Family
2010,29,Armored,Sony,57049,3/26,Action|Crime|Thriller
2010,30,Did You Hear About the Morgans?,Sony,55489,2/19,Comedy|Drama|Romance
2010,31,The Last Airbender,Silverbird,52167,9/17,Action|Adventure|Family|Fantasy
2010,32,Step Up 3-D,n/a,48048,8/27,Other
2010,33,The Twilight Saga: Eclipse,n/a,47663,7/2,Adventure|Drama|Fantasy|Romance
2010,34,Law Abiding Citizen,n/a,46821,1/15,Crime|Drama|Thriller
2010,35,Shrek Forever After,n/a,46281,7/23,Adventure|Animation|Comedy|Family|Fantasy
2010,36,Cats & Dogs: Revenge of Kitty Galore,n/a,44893,8/13,Other
2010,37,The Wolfman,Silverbird,43451,2/19,Drama|Horror|Thriller
2010,38,Legion (2010),Sony,43057,5/21,Action|Fantasy|Horror
2010,39,Due Date,Silverbird,41852,12/10,Comedy
2010,40,The A-Team,n/a,40703,8/20,Action|Adventure|Comedy|Crime|Thriller
2010,41,Toy Story 3,n/a,40518,6/18,Adventure|Animation|Comedy|Family|Fantasy
2010,42,Robin Hood,Silverbird,40286,5/21,Action|Adventure|Drama|Romance|History
2010,43,Alice in Wonderland (2010),n/a,38106,3/5,Other
2010,44,Little Fockers,Silverbird,37395,12/31,Comedy|Romance
2010,45,The Losers,n/a,37163,7/16,Drama
2010,46,Shutter Island,Silverbird,34485,3/19,Mystery|Thriller
2010,47,It's Complicated,Silverbird,32684,3/5,Comedy|Romance|Drama|Biography
2010,48,When in Rome,n/a,32593,1/29,Drama|Comedy|Romance
2010,49,How to Train Your Dragon,n/a,32008,4/2,Adventure|Animation|Family|Fantasy
2010,50,Cop Out,n/a,30234,3/26,Action|Drama|Thriller|Comedy|Crime
2010,51,My Name is Khan,n/a,29939,2/12,Other
2010,52,The Blind Side,n/a,26977,3/12,Biography|Drama|Comedy
2010,53,Nanny McPhee and The Big Bang,Silverbird,26023,4/9,Other
2010,54,Despicable Me,Silverbird,25717,10/8,Animation|Comedy|Family
2010,55,Our Family Wedding,n/a,25677,7/30,Comedy|Romance
2010,56,Wall Street: Money Never Sleeps,n/a,25282,9/24,Drama
2010,57,Predators,n/a,21179,8/6,Action|Adventure|Sci-Fi|Thriller
2010,58,Tron Legacy,n/a,20068,12/17,Other
2010,59,Tangled,n/a,19890,12/3,Crime|Mystery|Thriller|Drama|Animation|Comedy|Family|Fantasy|Romance
2010,60,Leap Year,Silverbird,18521,4/23,Comedy|Drama|Romance
2010,61,She's Out of My League,n/a,17641,7/2,Comedy|Romance
2010,62,The Chronicles of Narnia: The Voyage of the Dawn Treader,n/a,16739,12/10,Adventure|Family|Fantasy
2010,63,Green Zone,n/a,14914,6/4,Action|Drama|Thriller|War
2010,64,Invictus,n/a,14430,1/22,Biography|Drama|History
2010,65,House Full,n/a,12686,4/30,Other
2010,66,Marmaduke,n/a,12295,6/11,Comedy|Family
2010,67,Up in the Air,Silverbird,11846,2/5,Other
2010,68,Charlie St. Cloud,Silverbird,11292,10/29,Drama|Fantasy|Romance
2010,69,Pandorum,n/a,11213,2/5,Action|Horror|Mystery|Sci-Fi|Thriller
2010,70,Kites,n/a,9303,5/21,Animation
2010,71,Anjaana Anjaani,Silverbird,9175,10/1,Comedy|Drama|Romance
2010,72,The Expendables,n/a,8611,10/22,Action|Adventure|Thriller
2010,73,Vampires Suck,n/a,8582,9/3,Comedy
2010,74,Golmaal 3,Silverbird,8398,11/5,Action|Comedy
2010,75,Everybody's Fine,n/a,7475,2/5,Adventure|Drama
2010,76,The Lovely Bones,Silverbird,4922,2/26,Drama
2010,77,Paranormal Activity,n/a,4757,3/19,Horror|Action
2010,78,Cairo Time,n/a,3207,12/10,Drama|Romance|Comedy
2010,79,Veer (2010),Silverbird,3185,1/29,Action|Adventure|Drama|History|Romance|War
2010,80,Chance Pe Dance,n/a,2667,1/22,Comedy|Drama|Romance
2010,81,An Education,n/a,2550,6/18,Drama
2010,82,The Last Song,n/a,2450,6/25,Drama|Romance
2010,83,Bad Lieutenant: Port of Call New Orleans,n/a,1970,10/15,Other
2010,84,London Dreams,Silverbird,1161,1/29,Other
2010,85,Lymelife,Silverbird,218,2/12,Comedy|Drama
2009,1,2012,Sony,175910,11/13,Drama
2009,2,The Proposal,n/a,160573,6/19,Drama|Thriller|Comedy|Romance
2009,3,Angels & Demons,Sony,157911,5/15,Mystery|Thriller
2009,4,Terminator Salvation: The Future Begins,Sony,137042,6/5,Other
2009,5,Avatar,n/a,132847,12/18,Action|Sci-Fi|Drama|Adventure|Fantasy
2009,6,The Taking of Pelham One Two Three,Sony,112781,9/25,Other
2009,7,Ghosts of Girlfriends Past,n/a,95288,7/31,Comedy|Fantasy|Romance
2009,8,Michael Jackson's This Is It,Sony,83929,10/28,Other
2009,9,The Ugly Truth,Sony,81528,10/9,Comedy|Romance
2009,10,Harry Potter and the Half Blood Prince,n/a,80408,7/17,Other
2009,11,Sherlock Holmes,n/a,79464,12/31,Action|Adventure|Crime|Mystery|Thriller
2009,12,The Hangover,n/a,77103,8/14,Comedy
2009,13,The International,Sony,74381,3/13,Other
2009,14,The Twilight Saga: New Moon,n/a,65689,11/27,Adventure|Drama|Fantasy|Romance
2009,15,Seven Pounds,n/a,62860,2/13,Drama
2009,16,Transformers: Revenge of the Fallen,Silverbird,62048,7/3,Action|Adventure|Sci-Fi
2009,17,G.I. Joe,Silverbird,60602,8/21,Other
2009,18,Underworld: Rise of the Lycans,n/a,59764,1/23,Action|Adventure|Fantasy|Sci-Fi|Thriller
2009,19,Obsessed,Sony,59295,8/14,Drama|Thriller|Crime
2009,20,Couples Retreat,n/a,59118,12/18,Comedy
2009,21,The Pink Panther 2,Sony,57867,3/6,Adventure|Comedy|Crime|Mystery
2009,22,Cloudy with a Chance of Meatballs,Sony,53171,9/18,Animation|Comedy|Family|Fantasy|Romance
2009,23,G-Force,n/a,49791,8/21,Action|Adventure|Comedy|Family|Fantasy|Sci-Fi
2009,24,Ice Age: Dawn of the Dinosaurs,n/a,47524,7/3,Action|Adventure|Animation|Comedy|Family
2009,25,Alvin and the Chipmunks: The Squeakquel,n/a,47450,12/23,Animation|Comedy|Family|Fantasy
2009,26,Paul Blart: Mall Cop,Sony,43215,4/24,Action|Comedy|Crime
2009,27,17 Again,n/a,39598,7/10,Comedy|Drama|Fantasy|Romance
2009,28,Year One,Sony,38704,7/31,Action|Adventure|Drama|Sci-Fi|Comedy
2009,29,Ninja Assassin,n/a,36152,12/4,Action|Crime|Thriller
2009,30,X-Men Origins: Wolverine,n/a,35043,5/1,Action|Adventure|Sci-Fi|Thriller
2009,31,Up,n/a,34845,8/7,Adventure|Animation|Comedy|Family
2009,32,Surrogates,n/a,33879,10/2,Action|Sci-Fi|Thriller
2009,33,District 9,Sony,33619,9/4,Action|Sci-Fi|Thriller
2009,34,Hannah Montana The Movie,n/a,33342,6/26,Other
2009,35,State of Play,Silverbird,28435,7/24,Crime|Drama|Mystery|Romance|Thriller
2009,36,Race to Witch Mountain,n/a,26111,4/17,Action|Adventure|Family|Fantasy|Sci-Fi|Thriller
2009,37,Fast and Furious,Silverbird,22922,4/17,Other
2009,38,Night at the Museum: Battle of the Smithsonian,n/a,21389,5/22,Action|Adventure|Comedy|Family|Fantasy
2009,39,Inglourious Basterds,Silverbird,21185,10/30,Adventure|Drama|War
2009,40,Public Enemies,n/a,20383,9/18,Drama|Biography|Crime|History
2009,41,A Christmas Carol (2009),n/a,17980,11/6,Animation|Drama|Family|Fantasy
2009,42,Slumdog Millionaire,Silverbird,17387,4/6,Drama|Romance
2009,43,The Time Traveler's Wife,n/a,16858,11/13,Drama|Fantasy|Romance|Sci-Fi
2009,44,Monsters Vs. Aliens,Silverbird,16790,4/10,Other
2009,45,Old Dogs,n/a,16506,11/27,Action|Comedy|Crime
2009,46,Confessions of a Shopaholic,n/a,16141,2/13,Comedy|Romance
2009,47,Julie & Julia,Sony,16137,11/6,Biography|Drama|Romance
2009,48,Imagine That,n/a,15943,10/9,Comedy|Drama|Family|Fantasy
2009,49,Watchmen,Silverbird,15896,3/6,Animation|Drama|Fantasy|Sci-Fi|Action|Mystery
2009,50,My Sister's Keeper,n/a,15188,10/16,Drama
2009,51,Street Fighter: The Legend of Chun-Li,n/a,15168,6/12,Action|Crime|Fantasy|Thriller
2009,52,Notorious (2009),n/a,14178,2/27,Biography|Drama
2009,53,Bride Wars,n/a,13858,1/23,Comedy|Romance
2009,54,12 Rounds,n/a,12738,4/3,Drama|Action|Crime|Thriller
2009,55,Love Aaj Kal,Silverbird,12350,7/31,Comedy|Drama|Romance
2009,56,Valkyrie,n/a,12259,1/30,Drama|Thriller|War
2009,57,Dragonball Evolution,n/a,12168,4/9,Action|Adventure|Fantasy|Sci-Fi|Thriller
2009,58,Zombieland,Sony,11597,12/4,Comedy|Horror
2009,59,Duplicity,Silverbird,11386,6/5,Action|Thriller|Crime|Drama|Romance
2009,60,Transporter 3,n/a,11206,1/23,Action|Adventure|Crime|Mystery|Thriller
2009,61,Bolt,n/a,11159,2/20,Animation|Adventure|Comedy|Family|Sci-Fi|Drama|Romance
2009,62,Marley and Me,n/a,10673,3/20,Other
2009,63,Fame (2009),n/a,9592,9/25,Comedy|Drama|Romance
2009,64,Inkheart,n/a,9489,6/12,Adventure|Family|Fantasy
2009,65,Bandslam,n/a,9383,12/18,Comedy|Drama|Family|Romance
2009,66,Knowing,Silverbird,9083,7/10,Mystery|Drama|Action|Sci-Fi|Thriller|Family
2009,67,Star Trek,Silverbird,8914,5/15,Action|Adventure|Sci-Fi
2009,68,Doubt,n/a,8130,2/27,Drama|Romance|Mystery|Thriller
2009,69,Aliens in the Attic,n/a,7867,10/2,Adventure|Comedy|Family|Fantasy|Sci-Fi
2009,70,The Curious Case of Benjamin Button,n/a,7374,2/6,Drama|Fantasy|Romance
2009,71,Make It Happen,n/a,6432,1/2,Comedy|Drama
2009,72,Gran Torino,n/a,5961,3/13,Drama
2009,73,Hotel for Dogs,Silverbird,5189,5/1,Comedy|Family
2009,74,Shortkut - The Con Is On,n/a,4980,7/10,Comedy|Drama
2009,75,Adventureland,n/a,3699,5/8,Comedy|Drama|Romance
2009,76,Role Models,n/a,3229,2/6,Comedy
2009,77,Luck by Chance,n/a,2551,1/30,Drama
2009,78,The Tale of Despereaux,n/a,2372,1/9,Adventure|Animation|Comedy|Family|Fantasy
2009,79,Revolutionary Road,n/a,2339,2/27,Drama|Romance
2009,80,Br�no,n/a,2311,7/17,Comedy
2009,81,Coraline,Silverbird,1632,5/15,Animation|Fantasy
2009,82,Looking for Eric,n/a,856,11/27,Comedy|Drama|Fantasy
2009,83,Fired Up,Sony,787,9/25,Other
2009,84,Genova,Silverbird,140,10/16,Drama|Horror|Mystery|Romance
2009,85,Eye of the Dolphin,n/a,50,1/16,Comedy|Drama|Family
2008,1,Quantum of Solace,n/a,283462,11/7,Action|Adventure|Thriller
2008,2,Hancock,n/a,187303,7/2,Action|Fantasy
2008,3,Vantage Point,n/a,88672,3/28,Action|Crime|Drama|Thriller
2008,4,National Treasure: Book of Secrets,n/a,78254,1/4,Action|Adventure|Mystery|Thriller
2008,5,10000 B.C.,n/a,63740,3/21,Other
2008,6,Made of Honor,n/a,57307,5/2,Comedy|Romance
2008,7,The Game Plan,n/a,51857,3/21,Action|Adventure|Comedy|Family
2008,8,The Dark Knight,n/a,50134,7/25,Action|Crime|Drama
2008,9,Iron Man,n/a,49724,5/9,Action|Animation|Sci-Fi|Adventure
2008,10,The Forbidden Kingdom,n/a,49102,5/23,Action|Adventure|Fantasy|Romance
2008,11,You Don't Mess with the Zohan,n/a,48541,8/1,Action|Comedy
2008,12,What Happens in Vegas,n/a,48534,5/9,Comedy|Romance
2008,13,Jumper,n/a,48103,2/29,Action|Adventure|Sci-Fi|Thriller|Biography|Drama
2008,14,Wanted,n/a,47557,7/18,Crime|Drama|Thriller|Comedy|Sci-Fi|Action|Fantasy|Romance
2008,15,21,n/a,44106,4/18,Comedy|Drama|Romance|Biography|Crime|Thriller|Animation
2008,16,Taken,n/a,43339,9/19,Drama|Sci-Fi|Romance
2008,17,The Water Horse: Legend of the Deep,n/a,42655,3/7,Other
2008,18,High School Musical 3: Senior Year,n/a,41477,11/21,Comedy|Drama|Family|Romance
2008,19,Indiana Jones and the Kingdom of the Crystal Skull,n/a,41357,5/30,Action|Adventure
2008,20,Lakeview Terrace,n/a,41177,10/31,Crime|Drama|Thriller
2008,21,Kung Fu Panda,n/a,40511,7/4,Action|Adventure|Animation|Comedy|Family
2008,22,Prom Night (2008),n/a,35648,6/20,Other
2008,23,Mad Money,n/a,33859,4/18,Comedy|Crime|Thriller
2008,24,27 Dresses,n/a,33667,2/1,Comedy|Romance
2008,25,Sex and the City,n/a,32828,5/30,Comedy|Drama|Romance
2008,26,Body of Lies,n/a,32062,11/28,Action|Drama|Thriller
2008,27,The Mummy: Tomb of the Dragon Emperor,n/a,30821,8/15,Action|Adventure|Fantasy|Thriller
2008,28,Street Kings,n/a,29906,4/18,Action|Crime|Drama|Thriller
2008,29,Eagle Eye,n/a,29862,10/24,Action|Mystery|Thriller
2008,30,First Sunday,n/a,28771,4/25,Comedy|Crime|Drama
2008,31,Bedtime Stories,n/a,28140,12/26,Drama|Romance|Comedy|Family|Fantasy
2008,32,The Incredible Hulk,n/a,27915,6/20,Action|Adventure|Sci-Fi
2008,33,Step Up 2 the Streets,n/a,27258,3/14,Other
2008,34,Get Smart,n/a,26485,8/15,Action|Adventure|Comedy|Romance|Thriller
2008,35,The House Bunny,n/a,26215,10/10,Comedy|Romance
2008,36,The Day the Earth Stood Still (2008),n/a,24547,12/19,Drama|Sci-Fi|Thriller
2008,37,Dr. Seuss' Horton Hears a Who!,n/a,22988,3/28,Other
2008,38,Yes Man,n/a,22243,12/31,Comedy|Romance
2008,39,The Chronicles of Narnia: Prince Caspian,n/a,22088,6/27,Action|Adventure|Family|Fantasy
2008,40,How She Move,n/a,20990,8/29,Drama
2008,41,Step Brothers,n/a,20899,9/12,Comedy
2008,42,Righteous Kill,n/a,20071,10/24,Action|Crime|Drama|Mystery|Thriller
2008,43,Mamma Mia!,n/a,20036,9/5,Comedy|Romance
2008,44,Quarantine,n/a,19318,11/21,Horror|Sci-Fi|Thriller|Animation|Drama
2008,45,Max Payne,n/a,19265,10/17,Action|Crime|Drama|Mystery|Thriller
2008,46,Fool's Gold,n/a,19144,4/11,Drama|Comedy
2008,47,Nim's Island,n/a,19021,4/25,Adventure|Comedy|Family|Fantasy
2008,48,Pineapple Express,n/a,18845,10/24,Action|Comedy|Crime
2008,49,Australia,n/a,18040,12/26,Adventure|Drama|History|Romance|War
2008,50,Gone Baby Gone,n/a,17204,1/11,Crime|Drama|Mystery|Thriller
2008,51,Meet Dave,n/a,16889,7/11,Adventure|Comedy|Family|Romance|Sci-Fi
2008,52,Babylon A.D.,n/a,16490,9/5,Action|Adventure|Sci-Fi|Thriller
2008,53,Meet the Spartans,n/a,15801,2/8,Comedy
2008,54,Journey to the Center of the Earth,n/a,15174,7/18,Action|Adventure|Family|Fantasy|Sci-Fi
2008,55,Death Race,n/a,15152,11/10,Action|Sci-Fi|Thriller
2008,56,Speed Racer,n/a,14862,6/20,Animation|Action|Family
2008,57,88 Minutes,n/a,14256,5/9,Crime|Drama|Mystery|Thriller
2008,58,The Bank Job,n/a,13699,4/25,Comedy|Crime|Drama|Thriller
2008,59,Madagascar: Escape 2 Africa,n/a,13566,12/5,Action|Adventure|Animation|Comedy|Family
2008,60,The Bucket List,n/a,13164,3/7,Adventure|Comedy|Drama
2008,61,The Happening,n/a,12822,6/13,Animation|Sci-Fi|Thriller|Drama|Romance
2008,62,Deception (2008),n/a,12806,6/6,Other
2008,63,Michael Clayton,n/a,11344,2/22,Crime|Drama|Mystery|Thriller
2008,64,Singh Is Kinng,n/a,11189,8/8,Action|Comedy|Crime|Romance
2008,65,Star Wars: The Clone Wars,n/a,11004,10/10,Action|Adventure|Animation|Drama|Fantasy|Sci-Fi|Thriller
2008,66,Definitely Maybe,n/a,10324,6/13,Other
2008,67,My Best Friend's Girl,n/a,10065,10/3,Comedy|Romance
2008,68,Ghajini,n/a,9966,12/26,Action|Drama|Mystery|Romance|Thriller
2008,69,P.S. I Love You,n/a,9555,2/15,Drama|Romance
2008,70,Sydney White,n/a,9540,2/29,Comedy|Romance
2008,71,We Own the Night,n/a,9432,1/11,Crime|Drama|Thriller
2008,72,The Spiderwick Chronicles,n/a,8684,3/28,Adventure|Family|Fantasy
2008,73,Rambo,n/a,8453,4/4,Action|Thriller|War|Comedy|Drama
2008,74,Wall-E,n/a,7971,8/8,Other
2008,75,The X-Files: I Want to Believe,n/a,7719,8/1,Other
2008,76,Alien vs. Predator - Requiem,n/a,7568,1/4,Other
2008,77,Forgetting Sarah Marshall,n/a,7074,6/27,Comedy|Drama|Romance
2008,78,Cloverfield,n/a,7006,2/8,Action|Sci-Fi|Thriller
2008,79,Mirrors,n/a,6961,9/5,Other
2008,80,Juno,n/a,6586,3/14,Comedy|Drama|Romance
2008,81,Hellboy II: The Golden Army,n/a,6526,9/26,Action|Adventure|Fantasy|Sci-Fi
2008,82,Beverly Hills Chihuahua,n/a,6223,12/19,Adventure|Comedy|Drama|Family|Romance
2008,83,Charlie Wilson's War,n/a,6099,3/14,Biography|Comedy|Drama|History
2008,84,No Country for Old Men,n/a,5545,4/4,Crime|Drama|Thriller
2008,85,Untraceable,n/a,5385,5/2,Crime|Drama|Thriller
2008,86,Atonement,n/a,5159,2/29,Drama|Mystery|Romance|War|Horror
2008,87,Elizabeth: The Golden Age,n/a,5063,1/25,Biography|Drama|History|War
2008,88,Gwoemul (The Host),n/a,4893,3/21,Other
2008,89,Gracie,n/a,4267,1/4,Biography|Drama
2008,90,Golmaal Returns,n/a,3008,10/31,Comedy|Crime|Drama
2008,91,Sweeney Todd: The Demon Barber of Fleet Street,n/a,2274,2/1,Drama|Horror|Thriller
2008,92,The Rocker,n/a,1590,8/22,Comedy|Drama
2008,93,D-War (Dragon Wars),n/a,707,7/25,Other
