Year,Rank,Movie Title,Distributor,Gross,Release Date,Genre
2013,1,Iron Man 3,Disney,10210551,4/26,Action|Adventure|Sci-Fi
2013,2,Ah Boys To Men Part 2,Golden Village,6366469,2/1,Other
2013,3,Thor: The Dark World,Disney,6300035,10/31,Action|Adventure|Fantasy
2013,4,Despicable Me 2,UIP,5650376,7/4,Animation|Comedy|Family
2013,5,Man of Steel,WB,5020889,6/13,Drama|Action|Adventure|Fantasy|Sci-Fi
2013,6,The Hunger Games: Catching Fire,Cathay,4798663,11/22,Adventure|Sci-Fi
2013,7,Fast & Furious 6,UIP,4719607,5/23,Other
2013,8,G.I. Joe: Retaliation,UIP,4268582,3/28,Action|Adventure|Sci-Fi|Thriller
2013,9,The Hobbit: The Desolation of Smaug,WB,4176530,12/12,Adventure|Fantasy
2013,10,The Wolverine,Fox,3885056,7/25,Action|Adventure|Sci-Fi|Thriller
2013,11,Pacific Rim,WB,3874840,7/11,Action|Adventure|Sci-Fi
2013,12,Frozen (2013),Disney,3841382,11/28,Other
2013,13,World War Z,UIP,3468560,6/20,Action|Adventure|Horror|Sci-Fi|Thriller
2013,14,Gravity,WB,3095039,10/10,Comedy|Drama|Sci-Fi|Thriller
2013,15,Monsters University,Disney,2661042,6/20,Adventure|Animation|Comedy|Family|Fantasy
2013,16,Now You See Me,Shaw,2545843,6/6,Drama|Horror|Thriller
2013,17,47 Ronin,UIP,2525054,12/19,Action|Adventure|Fantasy
2013,18,Star Trek Into Darkness,UIP,2410097,5/16,Action|Adventure|Sci-Fi
2013,19,Jack the Giant Slayer,WB,2280325,2/28,Adventure|Fantasy
2013,20,Oblivion,UIP,2268916,4/11,Sci-Fi
2013,21,The Croods,Fox,2215112,3/21,Adventure|Animation|Comedy|Family|Fantasy
2013,22,Percy Jackson: Sea of Monsters,Fox,2203712,8/29,Adventure|Family|Fantasy
2013,23,The Conjuring,WB,2164452,8/8,Horror
2013,24,A Good Day to Die Hard,Fox,2107414,2/7,Action|Crime|Thriller
2013,25,Oz The Great and Powerful,Disney,2007346,3/7,Other
2013,26,Police Story 2013,Golden Village,1941030,12/24,Other
2013,27,Captain Phillips,Sony,1789779,11/14,Biography|Drama|Thriller
2013,28,Journey to the West: Conquering the Demons,Golden Village,1761283,2/7,Other
2013,29,Hansel and Gretel: Witch Hunters,UIP,1736257,1/24,Other
2013,30,The Hangover Part III,WB,1589827,5/30,Comedy
2013,31,White House Down,Sony,1587186,6/27,Action|Drama|Thriller
2013,32,The Mortal Instruments: City of Bones,Shaw,1583935,8/22,Action|Adventure|Fantasy|Mystery|Romance
2013,33,Escape Plan,Shaw,1577584,10/24,Drama|Mystery|Action|Thriller
2013,34,Elysium,Sony,1537579,8/15,Action|Animation|Fantasy|Sci-Fi|Drama
2013,35,The Secret Life of Walter Mitty,Fox,1489628,12/25,Adventure|Comedy|Drama|Fantasy
2013,36,Insidious Chapter 2,Sony,1390876,10/3,Other
2013,37,After Earth,Sony,1378482,6/6,Action|Adventure|Sci-Fi
2013,38,The Smurfs 2,Sony,1376470,8/7,Adventure|Animation|Comedy|Family|Fantasy
2013,39,Warm Bodies,Shaw,1309471,3/14,Comedy|Horror|Romance
2013,40,Epic,Fox,1212501,5/30,Adventure|Animation|Family|Fantasy
2013,41,Taxi! Taxi!,Golden Village,1168419,1/3,Comedy|Drama
2013,42,Cloudy with a Chance of Meatballs 2,Sony,1150591,10/10,Animation|Comedy|Family|Fantasy|Sci-Fi
2013,43,The Great Gatsby (2013),Golden Village,1141636,5/16,Drama|Romance
2013,44,We're the Millers,WB,1126128,9/5,Comedy
2013,45,Saving General Yang,Cathay,1120732,4/4,Other
2013,46,Olympus Has Fallen,Cathay,1119028,4/11,Action|Thriller
2013,47,The Internship,Fox,1100934,8/22,Comedy|Sci-Fi
2013,48,Red 2,Shaw,1099679,8/1,Other
2013,49,The Lone Ranger,Disney,988584,7/4,Action|Adventure|Western
2013,50,Ender's Game,Golden Village,979996,11/7,Action|Sci-Fi
2013,51,Dak Siu San Fan (Special ID),Shaw,977407,10/18,Other
2013,52,R.I.P.D.,UIP,976755,8/8,Action|Comedy|Sci-Fi
2013,53,Ilo Ilo,Golden Village,972015,8/29,Drama
2013,54,Planes,Disney,960277,9/5,Drama|Adventure|Animation|Comedy|Family
2013,55,The Impossible,Shaw,894022,1/17,Other
2013,56,Yi dai zong shi (The Grandmaster),Shaw,882814,1/31,Other
2013,57,Turbo,Fox,869441,8/1,Crime|Drama|Mystery|Thriller|Action|Sci-Fi|Adventure|Animation|Comedy|Family
2013,58,About Time,UIP,868240,10/10,Mystery
2013,59,Gangster Squad,Golden Village,785707,1/10,Action|Crime|Drama|Thriller
2013,60,Pee Mak Prakanong,Golden Village,728354,6/13,Other
2013,61,Prisoners,Cathay,725670,9/19,Sci-Fi|Thriller|Crime|Drama|Mystery
2013,62,Di Renjie zhi shendu longwang (Young Detective Dee),Shaw,725132,9/27,Other
2013,63,Walking with Dinosaurs,Fox,718583,12/19,Other
2013,64,American Hustle,Golden Village,717311,12/26,Crime|Drama
2013,65,Grown Ups 2,Sony,680855,7/18,Comedy
2013,66,Mama,UIP,610043,1/17,Drama|Animation
2013,67,Runner Runner,Fox,581870,9/26,Crime|Thriller
2013,68,Everybody's Business,Golden Village,581534,12/5,Drama|Family|Comedy
2013,69,Carrie (2013),Sony,577433,10/24,Drama|Horror
2013,70,2 Guns,Sony,574616,9/19,Action|Comedy|Crime|Drama|Thriller
2013,71,Firestorm (2013),Golden Village,535790,12/12,Other
2013,72,Rush (2013),Cathay,490814,9/26,Other
2013,73,The Last Tycoon (2012),Shaw,488063,1/3,Other
2013,74,Zero Dark Thirty,Golden Village,480245,1/24,Drama|History|Thriller
2013,75,Riddick,Golden Village,461123,9/12,Action|Sci-Fi|Thriller
2013,76,That Girl in Pinafore,Golden Village,434429,8/1,Comedy
2013,77,Kick-Ass 2,UIP,433394,8/22,Action|Comedy|Crime
2013,78,Beautiful Creatures (2013),Shaw,429814,2/14,Drama|Fantasy|Romance
2013,79,Ghost Child,Golden Village,422147,3/7,Horror
2013,80,Silver Linings Playbook,Golden Village,414894,1/10,Comedy|Drama|Romance
2013,81,Django Unchained,Sony,410216,3/21,Western
2013,82,The White Storm,Shaw,387857,12/5,Other
2013,83,Cloud Atlas,Golden Village,383894,1/17,Drama|Sci-Fi
2013,84,The Purge,UIP,371643,8/29,Other
2013,85,Ip Man: The Final Fight,Shaw,360828,3/28,Other
2013,86,Blind Detective,Golden Village,340483,7/4,Other
2013,87,Parental Guidance,Fox,334821,1/3,Comedy|Drama|Family|Fantasy
2013,88,Out of Inferno,Shaw,329856,10/3,Action
2013,89,Rigor Mortis,Shaw,315648,11/28,Drama|Fantasy|Mystery|Romance
2013,90,Tom Yum Goong 2 (The Protector 2),Shaw,308132,11/7,Other
2013,91,The Call,Cathay,302087,5/2,Drama|Comedy
2013,92,Jobs,Golden Village,291107,8/15,Comedy
2013,93,Evil Dead (2013),Sony,288887,5/9,Horror
2013,94,The Host (2013),Golden Village,288244,3/28,Adventure|Romance|Sci-Fi
2013,95,The Heat,Fox,280188,6/27,Drama
2013,96,Lincoln,Fox,276020,2/21,Biography|Drama|History|War
2013,97,Young And Dangerous: Reloaded,Shaw,272063,1/10,Other
2013,98,Flight,UIP,271944,2/21,Fantasy|Drama
2013,99,The Last Stand,Cathay,271773,2/21,Drama|Comedy|Western|War|Action|Crime|Thriller
2013,100,The Rooftop,Cathay,271724,7/11,Other
2012,1,The Avengers (2012),Disney,11172253,5/1,Action|Adventure|Sci-Fi
2012,2,The Dark Knight Rises,WB,7023329,7/19,Action|Thriller
2012,3,The Amazing Spider-Man,Sony,6975115,6/29,Action|Adventure|Fantasy
2012,4,Skyfall,Sony,5259603,11/1,Action|Thriller
2012,5,Ah Boys To Men,Golden Village,5088413,11/8,Other
2012,6,Madagascar 3: Europe's Most Wanted,UIP,4860625,6/7,Adventure|Animation|Comedy|Family
2012,7,The Hobbit: An Unexpected Journey,WB,4319103,12/13,Adventure|Fantasy
2012,8,MIB 3,Sony,4231573,5/24,Other
2012,9,Battleship,UIP,4189981,4/12,Comedy|Drama|Romance|Action|Adventure|Sci-Fi|Thriller
2012,10,Chinese Zodiac,Golden Village,4093933,12/20,Other
2012,11,The Hunger Games,Cathay,3729893,3/22,Adventure|Sci-Fi
2012,12,Taken 2,Fox,3208702,10/4,Action|Thriller
2012,13,The Twilight Saga: Breaking Dawn Part 2,Shaw,3184396,11/22,Other
2012,14,Life of Pi,Fox,3181787,11/29,Adventure|Drama
2012,15,Wrath of the Titans,WB,2887442,3/29,Action|Adventure|Fantasy
2012,16,Snow White and the Huntsman,UIP,2708423,5/31,Action|Drama|Fantasy
2012,17,The Expendables 2,Golden Village,2661665,8/16,Action|Adventure|Thriller
2012,18,The Bourne Legacy,UIP,2334843,8/8,Action|Adventure|Mystery|Thriller
2012,19,Ice Age: Continental Drift,Fox,2307275,7/12,Adventure|Animation|Comedy|Family
2012,20,Brave,Disney,2293407,8/8,Action|Adventure|Animation|Comedy|Family|Fantasy
2012,21,Journey 2: The Mysterious Island,WB,2244444,1/19,Action|Adventure|Comedy|Family|Fantasy|Sci-Fi
2012,22,Les Miserables (2012),UIP,2243247,12/25,Other
2012,23,Resident Evil: Retribution,Sony,2193784,9/13,Action|Horror|Sci-Fi|Thriller
2012,24,John Carter,Disney,2070634,3/8,Action|Adventure|Fantasy|Sci-Fi
2012,25,Ted,UIP,2061227,9/6,Comedy|Family|Fantasy
2012,26,Prometheus,Fox,2052274,6/7,Comedy
2012,27,Rise of the Guardians,UIP,1990302,11/22,Adventure|Animation|Family|Fantasy
2012,28,Step Up Revolution,Shaw,1978566,8/30,Drama|Romance
2012,29,Total Recall (2012),Sony,1872506,8/2,Other
2012,30,Wreck-It Ralph,Disney,1822315,12/20,Adventure|Animation|Comedy|Family
2012,31,We Not Naughty,Golden Village,1716933,1/19,Comedy|Drama
2012,32,Dark Shadows,Golden Village,1681396,5/10,Comedy|Horror|Fantasy
2012,33,Dr. Seuss' The Lorax,UIP,1601837,3/8,Other
2012,34,Ghost Rider: Spirit of Vengeance,WB,1530965,2/17,Action|Fantasy|Thriller
2012,35,The Dictator,UIP,1515796,6/14,Comedy
2012,36,This Means War,Fox,1513769,2/23,Comedy|Action|Romance
2012,37,Underworld Awakening,Sony,1446599,2/2,Other
2012,38,Jack Reacher,UIP,1383532,12/20,Action|Crime|Thriller
2012,39,Hotel Transylvania,Sony,1218823,12/6,Animation|Comedy|Family|Fantasy
2012,40,Dance Dance Dragon,Cathay,1143877,1/19,Comedy
2012,41,Argo,WB,1085947,11/13,Action|Comedy|Drama|Animation|Family|Thriller
2012,42,Abraham Lincoln: Vampire Hunter,Fox,1084623,7/5,Action|Fantasy|Horror|Thriller
2012,43,Mirror Mirror,Golden Village,1060056,4/5,Drama|Horror|Comedy
2012,44,Chronicle (2012),Fox,1059345,2/2,Drama|Sci-Fi|Thriller
2012,45,Pitch Perfect,UIP,998321,11/8,Comedy|Romance
2012,46,Titanic 3D,Fox,989950,4/5,Other
2012,47,Act of Valor,Golden Village,924542,3/1,Action|Thriller|War
2012,48,Looper,Golden Village,904884,10/11,Action|Crime|Sci-Fi|Thriller
2012,49,The Vow,Sony,885628,4/5,Drama|Romance|Biography
2012,50,American Reunion,UIP,826745,4/5,Comedy
2012,51,The Viral Factor,Golden Village,778284,1/19,Other
2012,52,Cold War,Golden Village,753929,11/15,Drama|War|Comedy|Thriller
2012,53,Jack and Jill,Sony,738839,1/19,Horror|Romance|Adventure|Drama
2012,54,Premium Rush,Sony,715000,9/27,Action|Crime|Thriller
2012,55,Safe House,UIP,639407,2/9,Horror|Action|Thriller|Crime|Mystery
2012,56,Sinister,Golden Village,616377,10/11,Fantasy|Horror|Mystery|Sci-Fi|Thriller|Drama
2012,57,The Girl with the Dragon Tattoo (2011),Sony,573539,1/5,Crime|Drama|Mystery|Thriller
2012,58,The Possession,Cathay,570108,9/20,Other
2012,59,ParaNorman,UIP,538497,8/30,Adventure|Animation|Comedy|Family|Fantasy
2012,60,The Lucky One,Golden Village,520465,4/19,Drama|Romance|Horror
2012,61,Imperfect,Golden Village,504605,8/30,Drama|Fantasy|Mystery
2012,62,Tong que tai (The Assassins),Shaw,503520,9/27,Other
2012,63,The Devil Inside,UIP,497942,3/1,Horror|Thriller
2012,64,Paranormal Activity 4,UIP,491638,10/25,Horror
2012,65,The Perks of Being a Wallflower,Shaw,490176,10/11,Drama|Romance
2012,66,Tai Chi Hero,Golden Village,471020,10/25,Action|Adventure
2012,67,Hua Pi 2 (Painted Skin 2),Cathay,470204,7/5,Other
2012,68,The Descendants,Fox,469918,1/26,Comedy|Drama
2012,69,Greedy Ghost,Cathay,469823,8/16,Other
2012,70,21 Jump Street,Sony,465730,5/10,Action|Comedy|Crime
2012,71,Diary of a Wimpy Kid: Dog Days,Fox,443034,8/30,Comedy|Family
2012,72,Fierce Wife: Final Episode,Golden Village,440821,9/13,Other
2012,73,The Guillotines,Golden Village,434635,12/27,Other
2012,74,The Four,Cathay,424428,7/26,Action|Horror|Thriller
2012,75,The Woman in Black,Shaw,412000,3/15,Drama|Horror|Thriller
2012,76,The Cabin in the Woods,Golden Village,410389,4/19,Horror|Mystery|Thriller
2012,77,Man on a Ledge,Shaw,409618,2/23,Action|Crime|Thriller
2012,78,Tai Chi Zero,Golden Village,408804,10/4,Other
2012,79,Magic Mike,Golden Village,404521,8/9,Comedy|Drama
2012,80,Silent Hill: Revelation 3D,Shaw,403102,12/6,Horror|Mystery|Thriller
2012,81,Hugo,UIP,386058,2/23,Fantasy|Drama|Adventure|Family|Mystery|Thriller
2012,82,Contraband,UIP,375243,1/12,Action|Crime|Drama|Thriller
2012,83,The Lady,Golden Village,366524,3/1,Biography|Drama|History|Romance
2012,84,The Wedding Diary,Golden Village,360550,2/9,Comedy
2012,85,The Grey,Cathay,358959,2/23,Drama|Adventure|Thriller
2012,86,The Watch,Fox,357631,8/23,Comedy|Drama
2012,87,What to Expect When You're Expecting,Golden Village,357179,5/17,Comedy|Drama|Romance
2012,88,Dredd,Golden Village,347606,9/20,Action|Sci-Fi
2012,89,Sadako 3D,Golden Village,338008,6/21,Horror
2012,90,Love (2012),Golden Village,332654,2/16,Other
2012,91,Daai mo seut si (The Great Magician),Cathay,305558,1/12,Other
2012,92,The Three Stooges,Fox,298154,7/26,Comedy
2012,93,The Iron Lady,Shaw,287236,2/16,Biography|Drama|History
2012,94,407 Dark Flight,Cathay,286546,4/12,Other
2012,95,The Apparition,WB,283722,8/23,Drama|Mystery|Thriller|Horror
2012,96,One For the Money,Cathay,270387,1/26,Other
2012,97,Ghost on Air,Shaw,255994,5/17,Horror
2012,98,End of Watch,Golden Village,247838,10/18,Crime|Drama|Thriller
2012,99,Extremely Loud & Incredibly Close,WB,241267,2/23,Adventure|Drama|Mystery
2012,100,Haywire,Golden Village,228835,1/19,Action|Thriller
2011,1,Transformers 3,UIP,9181891,6/29,Other
2011,2,Kung Fu Panda 2,UIP,7416602,5/26,Action|Adventure|Animation|Comedy|Drama|Family
2011,3,Harry Potter and the Deathly Hallows (Part Two),WB,6522416,7/14,Other
2011,4,Mission: Impossible - Ghost Protocol,UIP,5037487,12/15,Action|Adventure|Thriller
2011,5,Johnny English Reborn,UIP,4597349,9/15,Action|Adventure|Comedy|Crime|Drama
2011,6,X-Men: First Class,Fox,4547291,6/2,Action|Adventure|Sci-Fi
2011,7,Thor,UIP,4250375,4/28,Comedy|Fantasy|Action|Adventure|Biography|Drama
2011,8,Pirates of the Caribbean: On Stranger Tides (3D),Disney,4087668,5/19,Other
2011,9,Captain America: The First Avenger,UIP,3556722,7/28,Action|Adventure|Sci-Fi
2011,10,Fast Five,UIP,3514117,5/5,Action|Crime|Thriller
2011,11,Real Steel,Disney,3411327,10/6,Action|Drama|Sci-Fi
2011,12,The Smurfs,Sony,2957787,9/1,Adventure|Animation|Comedy|Family|Fantasy
2011,13,Sherlock Holmes: A Game of Shadows,Golden Village,2851740,12/22,Action|Adventure|Crime|Mystery|Thriller
2011,14,Green Lantern,WB,2654412,6/16,Action|Adventure|Sci-Fi|Thriller
2011,15,Rise of the Planet of the Apes,Fox,2367786,8/4,Action|Drama|Sci-Fi|Thriller
2011,16,Puss in Boots,UIP,2300589,11/24,Adventure|Animation|Comedy|Family
2011,17,You Are the Apple of My Eye,Fox,2272504,11/10,Other
2011,18,Alvin and the Chipmunks: Chipwrecked,Fox,2257034,12/15,Adventure|Animation|Comedy|Family|Fantasy
2011,19,The Green Hornet,Sony,2222876,1/27,Action|Crime|Sci-Fi|Thriller|Comedy
2011,20,The Twilight Saga: Breaking Dawn Part 1,Shaw,2181325,11/24,Other
2011,21,The Adventures of Tintin,UIP,2104620,11/10,Action|Adventure|Animation|Family|Mystery
2011,22,New Legend Of Shaolin (2011),Golden Village,1969435,1/21,Other
2011,23,Tua Seh Kai,Golden Village,1902926,1/27,Other
2011,24,Rio,Fox,1878218,4/7,Comedy|Adventure|Animation|Family
2011,25,The Hangover Part II,WB,1756482,6/2,Comedy
2011,26,Immortals,UIP,1736665,11/17,Action|Drama|Fantasy
2011,27,Shaolin Temple,Golden Village,1712442,1/21,Other
2011,28,Cars 2,Disney,1653584,8/25,Adventure|Animation|Comedy|Family
2011,29,Battle: Los Angeles,Sony,1635473,3/17,Other
2011,30,Final Destination 5,WB,1517554,8/25,Horror|Thriller
2011,31,I Am Number Four,Disney,1463707,2/24,Action|Adventure|Sci-Fi|Thriller
2011,32,Horrible Bosses,WB,1353767,8/4,Comedy|Crime
2011,33,Mr. Popper's Penguins,Fox,1347738,6/16,Comedy|Family|Fantasy
2011,34,In Time,Fox,1342995,10/26,Drama|Action|Sci-Fi|Thriller
2011,35,Zookeeper,Sony,1318178,8/9,Comedy|Family|Romance
2011,36,Happy Feet Two,Golden Village,1289240,11/17,Animation|Comedy|Family
2011,37,23:59,Golden Village,1208479,11/3,Drama|Horror
2011,38,Super 8,UIP,1208111,6/9,Mystery|Sci-Fi|Thriller
2011,39,Priest,Sony,1204104,5/11,Action|Fantasy|Horror|Sci-Fi|Thriller
2011,40,Cowboys & Aliens,UIP,1189263,8/9,Action|Sci-Fi|Thriller|Western
2011,41,The Ghost Must Be Crazy,Golden Village,1133837,1/6,Other
2011,42,Homecoming,Golden Village,1098423,2/3,Comedy|Drama|Horror|Thriller
2011,43,Guan yun chang (The Lost Bladesman),Golden Village,1082246,5/5,Other
2011,44,Already Famous,Cathay,1010384,12/1,Other
2011,45,Wu Xia (Dragon),Golden Village,999832,7/21,Other
2011,46,Just Go With It,Sony,996463,2/10,Other
2011,47,No Strings Attached,UIP,989390,2/17,Comedy|Action|Drama
2011,48,Rango,UIP,977083,3/10,Adventure|Animation|Comedy|Family|Western
2011,49,Black Swan,Fox,974372,2/10,Comedy|Drama|Crime|Fantasy|Thriller|Mystery
2011,50,Crazy Stupid Love.,WB,951942,9/1,Other
2011,51,Limitless,Golden Village,951780,4/7,Animation|Family|Fantasy
2011,52,Tower Heist,UIP,943791,11/3,Action|Comedy|Crime
2011,53,Source Code,Shaw,924597,4/21,Mystery|Sci-Fi|Thriller
2011,54,New Year's Eve,WB,910455,12/8,Romance|Comedy
2011,55,Contagion,WB,910137,9/8,Drama|Sci-Fi|Horror|Thriller
2011,56,Sucker Punch,WB,904874,3/24,Comedy|Crime|Drama|Action|Adventure|Fantasy
2011,57,The Darkest Hour,Fox,872697,12/29,Action|Drama|Horror|Sci-Fi|Thriller
2011,58,The Three Musketeers (2011),Shaw,832446,10/26,Action|Adventure|Romance
2011,59,Sien nui yau wan (Chinese Ghost Story),Golden Village,790730,4/21,Other
2011,60,Big Mommas: Like Father Like Son,Fox,785990,3/10,Other
2011,61,Season of the Witch,Golden Village,761985,1/13,Thriller|Action|Adventure|Fantasy
2011,62,Unknown,WB,758714,2/24,Drama|Mystery|Romance|Thriller|Crime
2011,63,Gnomeo and Juliet,Golden Village,736902,3/3,Other
2011,64,Love and Other Drugs,Fox,736397,1/6,Other
2011,65,Red Riding Hood,WB,718249,3/10,Drama|Horror|Thriller|Adventure|Family|Fantasy|Mystery
2011,66,Hop,UIP,705157,3/31,Comedy|Adventure|Animation|Family|Fantasy
2011,67,Flying Swords of Dragon Gate,Golden Village,662765,12/29,Other
2011,68,Paranormal Activity 3,UIP,660429,10/20,Horror
2011,69,The Sorcerer and the White Snake,Cathay,648229,10/6,Other
2011,70,1911,Cathay,621670,9/29,Other
2011,71,We Bought a Zoo,Fox,613038,12/22,Comedy|Drama|Family
2011,72,Friends with Benefits,Sony,589999,9/29,Comedy|Drama|Romance
2011,73,The King's Speech,Cathay,564254,2/10,Biography|Drama|History
2011,74,Burlesque,Sony,561300,1/13,Other
2011,75,Bridesmaids,UIP,554546,7/21,Other
2011,76,Scream 4,Golden Village,550441,4/15,Horror|Mystery
2011,77,Arthur (2011),WB,528931,4/21,Other
2011,78,The Thing (2011),UIP,524089,10/13,Other
2011,79,127 Hours,Fox,518989,2/17,Adventure|Biography|Drama|Thriller
2011,80,3D Sex and Zen: Extreme Ecstasy,Golden Village,483552,7/21,Other
2011,81,Abduction,Golden Village,481145,9/22,Horror|Thriller|Crime|Comedy|Mystery|Sci-Fi
2011,82,Hereafter,Fox,439786,1/20,Drama|Fantasy
2011,83,Ladda Land,Golden Village,436688,6/9,Horror
2011,84,Sit yan fung wan 2 (Overheard 2),Cathay,436402,8/18,Other
2011,85,The Rite,WB,429463,2/10,Drama|Horror|Mystery|Thriller
2011,86,The Change-Up,UIP,422642,10/6,Action|Comedy
2011,87,Ji keung hei si 2011 (All's Well That End's Well),Cathay,422225,2/3,Other
2011,88,Fright Night (2011),Disney,417685,9/22,Comedy|Horror
2011,89,What's Your Number?,Fox,417482,10/13,Comedy|Romance
2011,90,Monte Carlo,Fox,407806,6/30,Comedy|Drama|Adventure|Romance
2011,91,Hall Pass,WB,397199,4/7,Drama|Comedy|Romance
2011,92,Bad Teacher,Sony,396819,8/25,Comedy
2011,93,Arthur Christmas,Sony,381818,12/1,Animation|Comedy|Drama|Family
2011,94,The Fighter,Golden Village,379631,1/6,Drama|Sci-Fi|Action|Biography|Family
2011,95,I Love Hong Kong,Shaw,366751,2/3,Other
2011,96,One Day,Shaw,362806,10/20,Thriller|Drama|Romance
2011,97,What Women Want (Wo Zhi Nu Run Xin) ,Cathay,353310,2/17,Other
2011,98,Footloose (2011),UIP,336474,10/26,Comedy|Drama|Romance
2011,99,Paul,UIP,323416,5/12,Animation|Drama|Adventure|Comedy|Sci-Fi
2011,100,Insidious,Golden Village,312757,5/26,Drama|Mystery|Romance|Thriller
2010,1,Harry Potter and the Deathly Hallows (Part One),WB,4546240,11/17,Other
2010,2,Iron Man 2,UIP,4194650,4/30,Action|Adventure|Sci-Fi
2010,3,Inception,WB,4089506,7/15,Action|Mystery|Sci-Fi|Thriller
2010,4,Clash of the Titans (2010),WB,3945289,4/1,Action|Adventure|Fantasy
2010,5,The Karate Kid,Sony,3345747,6/10,Action|Drama|Family
2010,6,Alice in Wonderland (2010),Disney,3319768,3/4,Other
2010,7,Yip Man 2: Chung si chuen kei,Cathay,3291610,4/29,Other
2010,8,Toy Story 3,Disney,3155072,6/17,Adventure|Animation|Comedy|Family|Fantasy
2010,9,Tangled,Disney,3031106,11/25,Crime|Mystery|Thriller|Drama|Animation|Comedy|Family|Fantasy|Romance
2010,10,Shrek Forever After,UIP,3019917,5/20,Adventure|Animation|Comedy|Family|Fantasy
2010,11,How to Train Your Dragon,UIP,2968823,3/25,Adventure|Animation|Family|Fantasy
2010,12,Despicable Me,UIP,2917270,7/8,Animation|Comedy|Family
2010,13,The Chronicles of Narnia: The Voyage of the Dawn Treader,Fox,2806014,12/9,Adventure|Family|Fantasy
2010,14,Megamind,UIP,2511869,11/4,Action|Animation|Comedy|Family|Sci-Fi
2010,15,Gulliver's Travels,Fox,2412547,12/23,Adventure|Comedy|Family|Fantasy
2010,16,Salt,Sony,2283476,8/5,Action|Crime|Mystery|Thriller|Drama|Family
2010,17,Prince of Persia: The Sands of Time,Disney,2144409,5/27,Action|Adventure|Fantasy|Romance
2010,18,Percy Jackson & The Olympians: The Lightning Thief,Fox,2101203,2/11,Other
2010,19,The Twilight Saga: Eclipse,Shaw,2073433,7/1,Adventure|Drama|Fantasy|Romance
2010,20,Tron Legacy,Disney,2019304,12/16,Other
2010,21,The Last Airbender,UIP,2015668,8/5,Action|Adventure|Family|Fantasy
2010,22,Step Up 3-D,Shaw,1781111,8/19,Other
2010,23,The Sorcerer's Apprentice,Disney,1731899,7/22,Adventure|Family|Fantasy|Action|Comedy|Drama
2010,24,Jing mo fung wan: Chen Zhen (Legend of the Fist: The Return of Chen Zhen),Shaw,1555261,9/23,Other
2010,25,The Tourist,Sony,1537733,12/30,Adventure|Comedy|Drama|Action|Romance|Thriller|Family
2010,26,The Expendables,Cathay,1371833,8/19,Action|Adventure|Thriller
2010,27,Knight & Day,Fox,1287255,6/24,Other
2010,28,Little Fockers,UIP,1247516,12/23,Comedy|Romance
2010,29,Little Big Soldier,Cathay,1228469,2/14,Other
2010,30,Sex and the City 2,Golden Village,1219541,5/27,Comedy|Drama|Romance
2010,31,Robin Hood,UIP,1178210,5/13,Action|Adventure|Drama|Romance|History
2010,32,The A-Team,Fox,1135166,6/10,Action|Adventure|Comedy|Crime|Thriller
2010,33,Gam yee wai (14 Blades),Golden Village,1126692,2/4,Other
2010,34,Valentine's Day,WB,1085569,2/11,Drama|Comedy|Thriller|Horror
2010,35,Resident Evil: Afterlife,Sony,1057399,9/10,Action|Adventure|Horror|Sci-Fi
2010,36,Unstoppable,Fox,1038383,11/11,Action|Adventure|Drama|Thriller
2010,37,Grown Ups,Sony,997939,8/26,Comedy
2010,38,Di Renjie (Detective Dee and the Mystery of the Phantom Flame),Golden Village,938991,9/30,Other
2010,39,Wall Street: Money Never Sleeps,Fox,916324,9/23,Drama
2010,40,Predators,Fox,869930,7/8,Action|Adventure|Sci-Fi|Thriller
2010,41,Due Date,WB,865407,11/4,Comedy
2010,42,The Spy Next Door,Golden Village,863170,1/15,Action|Comedy|Family
2010,43,Date Night,Fox,852179,4/8,Romance|Comedy|Drama|Crime|Thriller
2010,44,The Social Network,Sony,851214,10/28,Biography|Drama
2010,45,The Legend Is Born: Ip Man,Cathay,796714,6/24,Other
2010,46,Child's Eye,Cathay,795751,10/14,Other
2010,47,Shutter Island,UIP,760168,4/15,Mystery|Thriller
2010,48,Eat Pray Love,Sony,748986,10/7,Drama|Romance
2010,49,Tooth Fairy,Fox,720341,1/21,Horror|Comedy|Family
2010,50,Being Human (2010),Golden Village,701762,3/4,Drama|Thriller
2010,51,Red,Shaw,700549,11/11,Horror|Drama|Thriller|Action|Mystery
2010,52,Kick Ass,Cathay,684260,4/15,Other
2010,53,Su Qi-Er (True Legend),Golden Village,677762,2/11,Other
2010,54,The Other Guys,Sony,672813,9/30,Action|Comedy|Crime
2010,55,The Adjustment Bureau,UIP,664783,3/3,Romance|Sci-Fi|Thriller
2010,56,Green Zone,UIP,647334,3/11,Action|Drama|Thriller|War
2010,57,The Wolfman,UIP,628198,2/18,Drama|Horror|Thriller
2010,58,Cats & Dogs: Revenge of Kitty Galore,Golden Village,612917,9/2,Other
2010,59,Tangshan dadizhen (Aftershock),Golden Village,598718,7/29,Other
2010,60,Yogi Bear,WB,588745,12/23,Adventure|Animation|Comedy|Family
2010,61,Legend of the Guardians: The Owls of Ga'Hoole,Golden Village,584546,10/28,Adventure|Animation|Fantasy
2010,62,Paranormal Activity 2,UIP,576707,10/21,Horror
2010,63,Devil,UIP,573430,9/16,Horror|Mystery|Thriller
2010,64,Jianyu (Reign of Assassins),Golden Village,540832,10/7,Other
2010,65,Sanctum (3D),Golden Village,519118,3/31,Other
2010,66,72 ga cho hak (72 Tenants of Prosperity),Golden Village,496597,2/11,Other
2010,67,When in Rome,Disney,494785,3/25,Drama|Comedy|Romance
2010,68,Hello Stranger,Golden Village,485051,12/2,Comedy|Western|Biography|Family|Mystery
2010,69,Killers,Cathay,480557,6/3,Drama|Thriller|Action|Comedy|Romance|Crime
2010,70,Legion (2010),Sony,476098,1/21,Action|Fantasy|Horror
2010,71,Life as We Know It,Golden Village,467525,10/14,Comedy|Drama|Romance|Animation|Biography
2010,72,The Town,WB,461925,10/21,Drama|Crime|Thriller
2010,73,Going the Distance,WB,443174,9/2,Comedy|Romance
2010,74,Daybreakers,Shaw,430741,1/14,Action|Fantasy|Horror|Sci-Fi|Thriller
2010,75,The Back-Up Plan,Sony,420239,5/6,Other
2010,76,Haunted Changi,Golden Village,412459,9/2,Horror|Mystery|Thriller
2010,77,The Bounty Hunter,Sony,405519,4/22,Other
2010,78,The Imaginarium of Doctor Parnassus,Cathay,400699,1/28,Adventure|Fantasy|Mystery
2010,79,The Losers,WB,399546,5/13,Drama
2010,80,The Book of Eli,Sony,384884,3/18,Action|Adventure|Drama|Thriller
2010,81,Dear John,Golden Village,382606,2/25,Comedy
2010,82,The Next Three Days,Cathay,382482,11/25,Crime|Drama|Romance|Thriller
2010,83,A Nightmare on Elm Street (2010),WB,360086,6/3,Horror|Mystery|Thriller
2010,84,Up in the Air,UIP,359777,3/4,Other
2010,85,Diary of a Wimpy Kid,Fox,358096,3/25,Comedy|Family
2010,86,Old Cow Vs Tender Grass,Golden Village,357747,7/22,Comedy|Romance
2010,87,Piranha 3D,Golden Village,357605,10/14,Comedy|Horror
2010,88,The Last Exorcism,Shaw,343489,10/28,Drama|Horror|Thriller
2010,89,Did You Hear About the Morgans?,Sony,335197,1/7,Comedy|Drama|Romance
2010,90,Monga,Golden Village,334750,4/15,Other
2010,91,It's Complicated,UIP,334474,1/14,Comedy|Romance|Drama|Biography
2010,92,Kidnapper,Golden Village,332852,3/18,Thriller|Comedy
2010,93,Takers,Sony,327337,10/14,Action|Crime|Thriller|History|Western
2010,94,Cirque du Freak: The Vampire's Assistant,UIP,326215,1/7,Action|Adventure|Fantasy|Thriller
2010,95,You Again,Disney,297354,10/21,Comedy|Romance
2010,96,Skyline,Golden Village,285666,12/2,Action|Sci-Fi|Thriller
2010,97,The Blind Side,WB,279274,1/14,Biography|Drama|Comedy
2010,98,StreetDance 3D,Golden Village,275252,7/29,Drama|Romance
2010,99,Bruce Lee My Brother,Cathay,268841,11/25,Other
2010,100,Vampires Suck,Fox,267563,9/2,Comedy
2009,1,Avatar,Fox,8112994,12/17,Action|Sci-Fi|Drama|Adventure|Fantasy
2009,2,Transformers: Revenge of the Fallen,UIP,5834711,6/24,Action|Adventure|Sci-Fi
2009,3,2012,Sony,4645078,11/12,Drama
2009,4,Harry Potter and the Half Blood Prince,WB,3474126,7/16,Other
2009,5,Night at the Museum: Battle of the Smithsonian,Fox,3005252,5/21,Action|Adventure|Comedy|Family|Fantasy
2009,6,Up,Disney,2864063,8/7,Adventure|Animation|Comedy|Family
2009,7,Ice Age: Dawn of the Dinosaurs,Fox,2730040,7/1,Action|Adventure|Animation|Comedy|Family
2009,8,X-Men Origins: Wolverine,Fox,2559609,4/29,Action|Adventure|Sci-Fi|Thriller
2009,9,G.I. Joe,UIP,2505428,8/6,Other
2009,10,Alvin and the Chipmunks: The Squeakquel,Fox,2370286,12/24,Animation|Comedy|Family|Fantasy
2009,11,Sherlock Holmes,Golden Village,2306579,12/24,Action|Adventure|Crime|Mystery|Thriller
2009,12,The Twilight Saga: New Moon,Shaw,2188474,12/3,Adventure|Drama|Fantasy|Romance
2009,13,Angels & Demons,Sony,2162779,5/14,Mystery|Thriller
2009,14,Chi bi: Xia - Jue zhan tian xia (Red Cliff: Part II),n/a,2153404,1/9,Other
2009,15,Terminator Salvation: The Future Begins,Sony,2058365,5/28,Other
2009,16,Monsters Vs. Aliens,UIP,1901469,5/28,Other
2009,17,Xia dao xiao (Where Got Ghost?),Golden Village,1851721,8/13,Other
2009,18,Fast and Furious,UIP,1571047,4/9,Other
2009,19,Shi yue wei cheng (Bodyguards and Assassins),Golden Village,1443899,12/18,Other
2009,20,G-Force,Disney,1411278,9/4,Action|Adventure|Comedy|Family|Fantasy|Sci-Fi
2009,21,The Proposal,Disney,1393207,8/20,Drama|Thriller|Comedy|Romance
2009,22,San suk si gin (Shinjuku Incident),Golden Village,1299876,4/2,Other
2009,23,Slumdog Millionaire,Golden Village,1286393,2/12,Drama|Romance
2009,24,The Final Destination,WB,1279603,8/27,Horror|Thriller
2009,25,Star Trek,UIP,1195561,5/7,Action|Adventure|Sci-Fi
2009,26,Da xi shi (The Wedding Game),n/a,1118466,1/25,Other
2009,27,Fung wan II (The Storm Warriors),Golden Village,1113761,12/10,Other
2009,28,Xing fu wan sui (Love Matters),n/a,1108032,1/22,Other
2009,29,The Ugly Truth,Sony,1057162,9/17,Comedy|Romance
2009,30,The Curious Case of Benjamin Button,WB,1024707,2/5,Drama|Fantasy|Romance
2009,31,Drag Me to Hell,Golden Village,1019779,6/11,Horror
2009,32,Inkheart,n/a,967282,1/22,Adventure|Family|Fantasy
2009,33,17 Again,WB,964624,4/16,Comedy|Drama|Fantasy|Romance
2009,34,A Christmas Carol (2009),Disney,941116,11/19,Animation|Drama|Family|Fantasy
2009,35,Confessions of a Shopaholic,Disney,938315,3/26,Comedy|Romance
2009,36,The Hangover,WB,935655,7/30,Comedy
2009,37,Knowing,Shaw,934926,4/9,Mystery|Drama|Action|Sci-Fi|Thriller|Family
2009,38,Cloudy with a Chance of Meatballs,Sony,934110,10/1,Animation|Comedy|Family|Fantasy|Romance
2009,39,Surrogates,Disney,921486,10/1,Action|Sci-Fi|Thriller
2009,40,Ghosts of Girlfriends Past,WB,888887,6/11,Comedy|Fantasy|Romance
2009,41,Marley and Me,Fox,875168,2/26,Other
2009,42,Race to Witch Mountain,Disney,850039,3/13,Action|Adventure|Family|Fantasy|Sci-Fi|Thriller
2009,43,Michael Jackson's This Is It,Sony,814356,10/29,Other
2009,44,Ninja Assassin,WB,789138,11/26,Action|Crime|Thriller
2009,45,Bride Wars,n/a,787122,1/29,Comedy|Romance
2009,46,Underworld: Rise of the Lycans,n/a,717421,2/5,Action|Adventure|Fantasy|Sci-Fi|Thriller
2009,47,Watchmen,UIP,715880,3/5,Animation|Drama|Fantasy|Sci-Fi|Action|Mystery
2009,48,Dragonball Evolution,Fox,715239,3/12,Action|Adventure|Fantasy|Sci-Fi|Thriller
2009,49,He's Just Not That Into You,WB,710201,2/19,Comedy|Drama|Romance
2009,50,Inglourious Basterds,UIP,700280,9/17,Adventure|Drama|War
2009,51,Land of the Lost,UIP,679794,6/4,Adventure|Comedy|Sci-Fi
2009,52,Taken,Cathay,669539,4/16,Drama|Sci-Fi|Romance
2009,53,500 Days of Summer,Fox,609884,10/8,Other
2009,54,The Taking of Pelham One Two Three,Sony,609252,6/11,Other
2009,55,Paranormal Activity,Golden Village,583875,11/12,Horror|Action
2009,56,Paul Blart: Mall Cop,Sony,569938,3/19,Action|Comedy|Crime
2009,57,Valkyrie,n/a,568680,2/12,Drama|Thriller|War
2009,58,Public Enemies,UIP,561046,7/23,Drama|Biography|Crime|History
2009,59,The Princess and the Frog,Disney,544942,12/10,Animation|Family|Fantasy|Romance
2009,60,Ga yau hei si 2009 (All's Well Ends Well 2009),n/a,544466,1/22,Other
2009,61,My Sister's Keeper,WB,543789,10/22,Drama
2009,62,Ci Ling (The Treasure Hunter),Golden Village,540314,12/31,Other
2009,63,Ha phraeng (Phobia 2),Golden Village,536563,9/24,Other
2009,64,Jennifer's Body,Fox,526663,10/29,Comedy|Horror
2009,65,Astro Boy,Golden Village,513876,11/5,Action|Animation|Family|Sci-Fi
2009,66,Ong bak 2,n/a,513006,1/8,Other
2009,67,Hua Mulan,Shaw,505741,11/26,Adventure|Drama|Romance
2009,68,Push,Shaw,495360,3/5,Drama|Action|Sci-Fi|Thriller
2009,69,The Time Traveler's Wife,WB,495208,9/3,Drama|Fantasy|Romance|Sci-Fi
2009,70,Program Nar Vinyan Ar-Kat (Coming Soon),Golden Village,493532,3/12,Other
2009,71,Planet 51,Shaw,487588,12/10,Adventure|Animation|Comedy|Family|Sci-Fi
2009,72,Transporter 3,n/a,468808,1/1,Action|Adventure|Crime|Mystery|Thriller
2009,73,Gamer (2009),Cathay,464748,9/10,Action|Sci-Fi|Thriller
2009,74,The Pink Panther 2,n/a,462796,2/19,Adventure|Comedy|Crime|Mystery
2009,75,Qie ting feng yun (Wiretap) (Overheard),Cathay,444617,7/30,Other
2009,76,District 9,Cathay,406028,8/13,Action|Sci-Fi|Thriller
2009,77,Orphan,WB,400746,8/13,Drama|Mystery|Thriller
2009,78,Fame (2009),Cathay,392303,9/25,Comedy|Drama|Romance
2009,79,Haeundae,Cathay,391359,10/8,Action|Drama|Thriller
2009,80,Couples Retreat,UIP,390885,12/3,Comedy
2009,81,Chilgeup gongmuwon (My Girlfriend is an Agent),Cathay,389888,11/5,Other
2009,82,Blood: The Last Vampire,Cathay,384834,6/4,Action|Animation|Horror|Thriller
2009,83,The Haunting in Connecticut,Cathay,382978,7/9,Drama|Horror|Mystery|Thriller
2009,84,My Bloody Valentine 3-D,Shaw,382635,2/26,Other
2009,85,Seven Pounds,n/a,375922,1/1,Drama
2009,86,Friday the 13th (2009),UIP,356312,4/23,Horror
2009,87,Julie & Julia,Sony,349699,10/15,Biography|Drama|Romance
2009,88,Okuribito (Departures),Golden Village,340134,3/5,Other
2009,89,Old Dogs,Disney,333129,12/31,Action|Comedy|Crime
2009,90,Imagine That,UIP,332035,10/15,Comedy|Drama|Family|Fantasy
2009,91,The Unborn (2009),UIP,331570,3/26,Drama|Horror|Mystery|Thriller
2009,92,Aliens in the Attic,Fox,326808,9/9,Adventure|Comedy|Family|Fantasy|Sci-Fi
2009,93,Hannah Montana The Movie,Disney,322082,6/4,Other
2009,94,Sniper,Shaw,321561,4/9,War
2009,95,I Love You Man,UIP,320505,6/18,Other
2009,96,Hotel for Dogs,UIP,315763,3/19,Comedy|Family
2009,97,Br�no,Cathay,313381,8/20,Comedy
2009,98,The International,Sony,311978,4/23,Other
2009,99,Street Fighter: The Legend of Chun-Li,Cathay,306333,3/19,Action|Crime|Fantasy|Thriller
2009,100,Pandorum,Shaw,299217,10/15,Action|Horror|Mystery|Sci-Fi|Thriller
2008,1,Kung Fu Panda,n/a,4307978,6/6,Action|Adventure|Animation|Comedy|Family
2008,2,Iron Man,n/a,3823968,4/30,Action|Animation|Sci-Fi|Adventure
2008,3,The Dark Knight,n/a,3637103,7/17,Action|Crime|Drama
2008,4,Qian bu gou yong 2 (Money No Enough 2),n/a,3389709,7/31,Other
2008,5,The Mummy: Tomb of the Dragon Emperor,n/a,3014365,7/31,Action|Adventure|Fantasy|Thriller
2008,6,Indiana Jones and the Kingdom of the Crystal Skull,n/a,2767630,5/22,Action|Adventure
2008,7,Madagascar: Escape 2 Africa,n/a,2755573,11/13,Action|Adventure|Animation|Comedy|Family
2008,8,Quantum of Solace,n/a,2477339,11/5,Action|Adventure|Thriller
2008,9,The Forbidden Kingdom,n/a,2452436,4/17,Action|Adventure|Fantasy|Romance
2008,10,Cheung Gong 7 hou (CJ7),n/a,2202941,2/7,Other
2008,11,Lao shi ai lao da (a.k.a. Ah Long Pte Ltd),n/a,2115640,2/7,Other
2008,12,The Chronicles of Narnia: Prince Caspian,n/a,2086572,5/29,Action|Adventure|Family|Fantasy
2008,13,Wall-E,n/a,2068674,8/28,Other
2008,14,Ip Man,n/a,2049498,12/18,Action
2008,15,Hancock,n/a,1934354,7/3,Action|Fantasy
2008,16,Chi bi (Red Cliff: Part I),n/a,1914725,7/10,Other
2008,17,The Incredible Hulk,n/a,1825919,6/12,Action|Adventure|Sci-Fi
2008,18,Bolt,n/a,1781132,12/4,Animation|Adventure|Comedy|Family|Sci-Fi|Drama|Romance
2008,19,Twilight,n/a,1774300,12/18,Animation|Drama
2008,20,Wanted,n/a,1610352,6/26,Crime|Drama|Thriller|Comedy|Sci-Fi|Action|Fantasy|Romance
2008,21,High School Musical 3: Senior Year,n/a,1554970,10/23,Comedy|Drama|Family|Romance
2008,22,Hellboy II: The Golden Army,n/a,1550766,7/10,Action|Adventure|Fantasy|Sci-Fi
2008,23,Jumper,n/a,1489186,2/14,Action|Adventure|Sci-Fi|Thriller|Biography|Drama
2008,24,Yes Man,n/a,1478018,12/18,Comedy|Romance
2008,25,Guan lan (Kung Fu Dunk),n/a,1476371,2/7,Other
2008,26,10000 B.C.,n/a,1435684,3/6,Other
2008,27,Bedtime Stories,n/a,1419771,12/25,Drama|Romance|Comedy|Family|Fantasy
2008,28,Get Smart,n/a,1411697,6/19,Action|Adventure|Comedy|Romance|Thriller
2008,29,Alien vs. Predator - Requiem,n/a,1331553,1/1,Other
2008,30,Mamma Mia!,n/a,1268140,9/18,Comedy|Romance
2008,31,Sex and the City,n/a,1264495,5/29,Comedy|Drama|Romance
2008,32,You Don't Mess with the Zohan,n/a,1187186,6/19,Action|Comedy
2008,33,Eagle Eye,n/a,1114586,10/1,Action|Mystery|Thriller
2008,34,The Day the Earth Stood Still (2008),n/a,1111350,12/11,Drama|Sci-Fi|Thriller
2008,35,Step Up 2 the Streets,n/a,1043779,3/13,Other
2008,36,What Happens in Vegas,n/a,1036482,5/8,Comedy|Romance
2008,37,Wa pei (Painted Skin),n/a,1025372,9/25,Other
2008,38,Journey to the Center of the Earth,n/a,1013361,8/7,Action|Adventure|Family|Fantasy|Sci-Fi
2008,39,Dr. Seuss' Horton Hears a Who!,n/a,953203,3/13,Other
2008,40,L: Change the World,n/a,918600,2/21,Crime|Drama|Thriller
2008,41,Long Tor Tai (The Coffin),n/a,907259,10/30,Other
2008,42,The Spiderwick Chronicles,n/a,862121,3/13,Adventure|Family|Fantasy
2008,43,Tropic Thunder,n/a,814034,10/23,Action|Comedy
2008,44,Saam gwok dzi gin lung se gap (Three Kingdoms: Resurrection of the Dragon),n/a,806960,4/3,Other
2008,45,Made of Honor,n/a,803151,5/15,Comedy|Romance
2008,46,The Water Horse: Legend of the Deep,n/a,793105,3/6,Other
2008,47,Max Payne,n/a,784223,10/16,Action|Crime|Drama|Mystery|Thriller
2008,48,The House Bunny,n/a,748532,10/1,Comedy|Romance
2008,49,Vantage Point,n/a,732728,3/20,Action|Crime|Drama|Thriller
2008,50,Body of Lies,n/a,713516,11/20,Action|Drama|Thriller
2008,51,Rule Number One,n/a,704511,3/13,Comedy
2008,52,Rambo,n/a,688493,1/24,Action|Thriller|War|Comedy|Drama
2008,53,27 Dresses,n/a,686238,1/24,Comedy|Romance
2008,54,12 Lotus,n/a,684753,8/14,Drama
2008,55,Cloverfield,n/a,681924,1/17,Action|Sci-Fi|Thriller
2008,56,The Leap Years,n/a,667575,2/28,Romance
2008,57,Death Race,n/a,649458,8/21,Action|Sci-Fi|Thriller
2008,58,Speed Racer,n/a,597942,5/8,Animation|Action|Family
2008,59,Australia,n/a,554594,12/25,Adventure|Drama|History|Romance|War
2008,60,Bangkok Dangerous (2008),n/a,552486,9/11,Action|Crime|Thriller
2008,61,Sweeney Todd: The Demon Barber of Fleet Street,n/a,551097,1/31,Drama|Horror|Thriller
2008,62,Harold and Kumar Escape from Guantanamo Bay,n/a,537487,4/24,Other
2008,63,Beverly Hills Chihuahua,n/a,537237,11/20,Adventure|Comedy|Drama|Family|Romance
2008,64,Definitely Maybe,n/a,526309,4/10,Other
2008,65,Bo chi tung wah (Connected),n/a,502783,10/1,Other
2008,66,American Gangster,n/a,495794,1/10,Biography|Crime|Drama
2008,67,Meet Dave,n/a,490877,8/14,Adventure|Comedy|Family|Romance|Sci-Fi
2008,68,See prang,n/a,487350,8/21,Drama|Horror|Mystery|Thriller
2008,69,The Happening,n/a,480891,6/12,Animation|Sci-Fi|Thriller|Drama|Romance
2008,70,P.S. I Love You,n/a,474521,2/14,Drama|Romance
2008,71,Four Christmases,n/a,461427,11/27,Comedy|Drama|Romance
2008,72,Babylon A.D.,n/a,455977,9/11,Action|Adventure|Sci-Fi|Thriller
2008,73,Meet the Spartans,n/a,437218,2/28,Comedy
2008,74,Jiang shan mei ren (An Empress and the Warriors),n/a,414032,3/27,Other
2008,75,Street Kings,n/a,406516,4/10,Action|Crime|Drama|Thriller
2008,76,Burn After Reading,n/a,388516,10/9,Comedy|Crime|Drama
2008,77,The Love Guru,n/a,378648,8/7,Comedy|Romance
2008,78,Chocolate (2008),n/a,377555,5/15,Action|Drama
2008,79,The X-Files: I Want to Believe,n/a,360967,7/24,Other
2008,80,Quarantine,n/a,353406,11/27,Horror|Sci-Fi|Thriller|Animation|Drama
2008,81,Congkak,n/a,352615,5/15,Horror
2008,82,The Mist,n/a,350661,1/24,Horror|Sci-Fi|Thriller|Drama|War
2008,83,One Missed Call,n/a,334649,1/10,Horror|Mystery|Comedy|Drama|Family|Romance
2008,84,Shutter,n/a,327846,3/27,Crime|Mystery|Drama|Thriller
2008,85,Mirrors,n/a,314827,9/18,Other
2008,86,Superhero Movie,n/a,302540,4/24,Action|Comedy|Sci-Fi|Thriller
2008,87,Doomsday,n/a,291858,4/24,Action|Sci-Fi|Thriller|Drama|Western
2008,88,Juno,n/a,275556,2/14,Comedy|Drama|Romance
2008,89,Fool's Gold,n/a,266748,2/21,Drama|Comedy
2008,90,Body sob 19,n/a,261987,1/10,Drama|Horror|Mystery|Thriller
2008,91,Hai jiao qi hao (Cape No. 7),n/a,261572,11/27,Other
2008,92,Semi-Pro,n/a,255421,3/20,Comedy
2008,93,Star Wars: The Clone Wars,n/a,250587,8/28,Action|Adventure|Animation|Drama|Fantasy|Sci-Fi|Thriller
2008,94,Nim's Island,n/a,250318,5/1,Adventure|Comedy|Family|Fantasy
2008,95,The Eye,n/a,248972,2/28,Drama|Horror|Thriller
2008,96,Suw�to rein: Shinigami no seido (Accuracy of Death),n/a,248730,5/15,Other
2008,97,City of Ember,n/a,243756,11/27,Adventure|Family|Fantasy|Sci-Fi
2008,98,Mo hup leung juk (Butterfly Lovers),n/a,238488,10/16,Other
2008,99,Big Stan,n/a,225680,10/2,Action|Comedy
2008,100,Untraceable,n/a,225448,4/3,Crime|Drama|Thriller
